grade,unit,section,sectionType,exerciseNumber,sourceImage,sourceAsset,sourceRegion,activityType,verificationStatus,activationStatus
2,1,book-big-question,Big Question,multiple / mapped,frame_0014.png,grade2-source/original/book1/frame_0014.webp,full_page_capture; section heading or content area,mapping_only,verified_from_image,mapped_not_yet_interactive
2,1,book-vocabulary-1,Vocabulary 1,multiple / mapped,frame_0015.png | frame_0016.png,grade2-source/original/book1/frame_0015.webp | grade2-source/original/book1/frame_0016.webp,full_page_capture; section heading or content area,interactive_bookExercise,verified_from_image,active
2,1,book-pronunciation,Pronunciation,multiple / mapped,frame_0014.png,grade2-source/original/book1/frame_0014.webp,full_page_capture; section heading or content area,mapping_only,needs_review,mapped_not_yet_interactive
2,1,book-reading-1,Reading 1,multiple / mapped,frame_0016.png | frame_0017.png,grade2-source/original/book1/frame_0016.webp | grade2-source/original/book1/frame_0017.webp,full_page_capture; section heading or content area,interactive_bookExercise,ocr_extracted_needs_review,active
2,1,book-reading-skill,Reading Skill,multiple / mapped,frame_0016.png | frame_0017.png | frame_0021.png | frame_0022.png,grade2-source/original/book1/frame_0016.webp | grade2-source/original/book1/frame_0017.webp | grade2-source/original/book1/frame_0021.webp | grade2-source/original/book1/frame_0022.webp,full_page_capture; section heading or content area,mapping_only,ocr_extracted_needs_review,blocked_needs_visual_review
2,1,book-grammar-1,Grammar 1,multiple / mapped,frame_0018.png,grade2-source/original/book1/frame_0018.webp,full_page_capture; section heading or content area,interactive_bookExercise,ocr_extracted_needs_review,active
2,1,book-grammar-practice-1,Grammar Practice 1,multiple / mapped,frame_0018.png,grade2-source/original/book1/frame_0018.webp,full_page_capture; section heading or content area,mapping_only,ocr_extracted_needs_review,blocked_needs_visual_review
2,1,book-listening,Listening,multiple / mapped,frame_0018.png | frame_0019.png,grade2-source/original/book1/frame_0018.webp | grade2-source/original/book1/frame_0019.webp,full_page_capture; section heading or content area,mapping_only,ocr_extracted_needs_review,blocked_needs_visual_review
2,1,book-speaking-communication,Speaking/Communication,multiple / mapped,frame_0018.png | frame_0019.png | frame_0022.png | frame_0023.png,grade2-source/original/book1/frame_0018.webp | grade2-source/original/book1/frame_0019.webp | grade2-source/original/book1/frame_0022.webp | grade2-source/original/book1/frame_0023.webp,full_page_capture; section heading or content area,interactive_bookExercise,ocr_extracted_needs_review,active
2,1,book-vocabulary-2,Vocabulary 2,multiple / mapped,frame_0019.png | frame_0020.png,grade2-source/original/book1/frame_0019.webp | grade2-source/original/book1/frame_0020.webp,full_page_capture; section heading or content area,interactive_bookExercise,verified_from_image,active
2,1,book-reading-2,Reading 2,multiple / mapped,frame_0020.png | frame_0021.png | frame_0022.png,grade2-source/original/book1/frame_0020.webp | grade2-source/original/book1/frame_0021.webp | grade2-source/original/book1/frame_0022.webp,full_page_capture; section heading or content area,mapping_only,ocr_extracted_needs_review,blocked_needs_visual_review
2,1,book-grammar-2,Grammar 2,multiple / mapped,frame_0022.png | frame_0023.png,grade2-source/original/book1/frame_0022.webp | grade2-source/original/book1/frame_0023.webp,full_page_capture; section heading or content area,mapping_only,ocr_extracted_needs_review,blocked_needs_visual_review
2,1,book-grammar-practice-2,Grammar Practice 2,multiple / mapped,frame_0023.png,grade2-source/original/book1/frame_0023.webp,full_page_capture; section heading or content area,mapping_only,ocr_extracted_needs_review,blocked_needs_visual_review
2,1,book-writing,Writing,multiple / mapped,frame_0024.png | frame_0025.png,grade2-source/original/book1/frame_0024.webp | grade2-source/original/book1/frame_0025.webp,full_page_capture; section heading or content area,interactive_bookExercise,ocr_extracted_needs_review,active
2,1,book-writing-skill,Writing Skill,multiple / mapped,frame_0024.png,grade2-source/original/book1/frame_0024.webp,full_page_capture; section heading or content area,mapping_only,ocr_extracted_needs_review,blocked_needs_visual_review
2,1,book-review-unit-check,Review/Unit Check,multiple / mapped,frame_0024.png | frame_0025.png,grade2-source/original/book1/frame_0024.webp | grade2-source/original/book1/frame_0025.webp,full_page_capture; section heading or content area,mapping_only,ocr_extracted_needs_review,blocked_needs_visual_review
2,1,book-value,Value,multiple / mapped,frame_0025.png,grade2-source/original/book1/frame_0025.webp,full_page_capture; section heading or content area,mapping_only,ocr_extracted_needs_review,blocked_needs_visual_review
2,1,book-project,Project,multiple / mapped,frame_0025.png,grade2-source/original/book1/frame_0025.webp,full_page_capture; section heading or content area,mapping_only,ocr_extracted_needs_review,blocked_needs_visual_review
2,1,sourcebook,Khác,multiple / mapped,frame_0014.png | frame_0015.png | frame_0016.png | frame_0017.png | frame_0018.png | frame_0019.png | frame_0020.png | frame_0021.png | frame_0022.png | frame_0023.png | frame_0024.png | frame_0025.png,grade2-source/original/book1/frame_0014.webp | grade2-source/original/book1/frame_0015.webp | grade2-source/original/book1/frame_0016.webp | grade2-source/original/book1/frame_0017.webp | grade2-source/original/book1/frame_0018.webp | grade2-source/original/book1/frame_0019.webp | grade2-source/original/book1/frame_0020.webp | grade2-source/original/book1/frame_0021.webp | grade2-source/original/book1/frame_0022.webp | grade2-source/original/book1/frame_0023.webp | grade2-source/original/book1/frame_0024.webp | grade2-source/original/book1/frame_0025.webp,full_page_capture,mapping_only,verified_from_image,mapped_not_yet_interactive
2,2,book-big-question,Big Question,multiple / mapped,frame_0026.png,grade2-source/original/book1/frame_0026.webp,full_page_capture; section heading or content area,mapping_only,verified_from_image,mapped_not_yet_interactive
2,2,book-vocabulary-1,Vocabulary 1,multiple / mapped,frame_0027.png | frame_0028.png,grade2-source/original/book1/frame_0027.webp | grade2-source/original/book1/frame_0028.webp,full_page_capture; section heading or content area,interactive_bookExercise,verified_from_image,active
2,2,book-pronunciation,Pronunciation,multiple / mapped,frame_0026.png,grade2-source/original/book1/frame_0026.webp,full_page_capture; section heading or content area,mapping_only,needs_review,mapped_not_yet_interactive
2,2,book-reading-1,Reading 1,multiple / mapped,frame_0028.png | frame_0029.png,grade2-source/original/book1/frame_0028.webp | grade2-source/original/book1/frame_0029.webp,full_page_capture; section heading or content area,mapping_only,ocr_extracted_needs_review,blocked_needs_visual_review
2,2,book-reading-skill,Reading Skill,multiple / mapped,frame_0029.png | frame_0033.png,grade2-source/original/book1/frame_0029.webp | grade2-source/original/book1/frame_0033.webp,full_page_capture; section heading or content area,mapping_only,ocr_extracted_needs_review,blocked_needs_visual_review
2,2,book-grammar-1,Grammar 1,multiple / mapped,frame_0030.png,grade2-source/original/book1/frame_0030.webp,full_page_capture; section heading or content area,mapping_only,ocr_extracted_needs_review,blocked_needs_visual_review
2,2,book-grammar-practice-1,Grammar Practice 1,multiple / mapped,frame_0030.png,grade2-source/original/book1/frame_0030.webp,full_page_capture; section heading or content area,mapping_only,ocr_extracted_needs_review,blocked_needs_visual_review
2,2,book-listening,Listening,multiple / mapped,frame_0030.png | frame_0031.png | frame_0032.png,grade2-source/original/book1/frame_0030.webp | grade2-source/original/book1/frame_0031.webp | grade2-source/original/book1/frame_0032.webp,full_page_capture; section heading or content area,mapping_only,ocr_extracted_needs_review,blocked_needs_visual_review
2,2,book-speaking-communication,Speaking/Communication,multiple / mapped,frame_0030.png | frame_0031.png | frame_0035.png,grade2-source/original/book1/frame_0030.webp | grade2-source/original/book1/frame_0031.webp | grade2-source/original/book1/frame_0035.webp,full_page_capture; section heading or content area,mapping_only,ocr_extracted_needs_review,blocked_needs_visual_review
2,2,book-vocabulary-2,Vocabulary 2,multiple / mapped,frame_0031.png | frame_0032.png,grade2-source/original/book1/frame_0031.webp | grade2-source/original/book1/frame_0032.webp,full_page_capture; section heading or content area,interactive_bookExercise,verified_from_image,active
2,2,book-reading-2,Reading 2,multiple / mapped,frame_0032.png | frame_0033.png | frame_0034.png,grade2-source/original/book1/frame_0032.webp | grade2-source/original/book1/frame_0033.webp | grade2-source/original/book1/frame_0034.webp,full_page_capture; section heading or content area,mapping_only,ocr_extracted_needs_review,blocked_needs_visual_review
2,2,book-grammar-2,Grammar 2,multiple / mapped,frame_0034.png | frame_0035.png,grade2-source/original/book1/frame_0034.webp | grade2-source/original/book1/frame_0035.webp,full_page_capture; section heading or content area,mapping_only,ocr_extracted_needs_review,blocked_needs_visual_review
2,2,book-grammar-practice-2,Grammar Practice 2,multiple / mapped,frame_0035.png,grade2-source/original/book1/frame_0035.webp,full_page_capture; section heading or content area,mapping_only,ocr_extracted_needs_review,blocked_needs_visual_review
2,2,book-writing,Writing,multiple / mapped,frame_0036.png | frame_0037.png,grade2-source/original/book1/frame_0036.webp | grade2-source/original/book1/frame_0037.webp,full_page_capture; section heading or content area,mapping_only,ocr_extracted_needs_review,blocked_needs_visual_review
2,2,book-writing-skill,Writing Skill,multiple / mapped,frame_0036.png,grade2-source/original/book1/frame_0036.webp,full_page_capture; section heading or content area,mapping_only,ocr_extracted_needs_review,blocked_needs_visual_review
2,2,book-review-unit-check,Review/Unit Check,multiple / mapped,frame_0036.png | frame_0037.png,grade2-source/original/book1/frame_0036.webp | grade2-source/original/book1/frame_0037.webp,full_page_capture; section heading or content area,mapping_only,ocr_extracted_needs_review,blocked_needs_visual_review
2,2,book-value,Value,multiple / mapped,frame_0037.png,grade2-source/original/book1/frame_0037.webp,full_page_capture; section heading or content area,mapping_only,ocr_extracted_needs_review,blocked_needs_visual_review
2,2,book-project,Project,multiple / mapped,frame_0037.png,grade2-source/original/book1/frame_0037.webp,full_page_capture; section heading or content area,mapping_only,ocr_extracted_needs_review,blocked_needs_visual_review
2,2,sourcebook,Khác,multiple / mapped,frame_0026.png | frame_0027.png | frame_0028.png | frame_0029.png | frame_0030.png | frame_0031.png | frame_0032.png | frame_0033.png | frame_0034.png | frame_0035.png | frame_0036.png | frame_0037.png,grade2-source/original/book1/frame_0026.webp | grade2-source/original/book1/frame_0027.webp | grade2-source/original/book1/frame_0028.webp | grade2-source/original/book1/frame_0029.webp | grade2-source/original/book1/frame_0030.webp | grade2-source/original/book1/frame_0031.webp | grade2-source/original/book1/frame_0032.webp | grade2-source/original/book1/frame_0033.webp | grade2-source/original/book1/frame_0034.webp | grade2-source/original/book1/frame_0035.webp | grade2-source/original/book1/frame_0036.webp | grade2-source/original/book1/frame_0037.webp,full_page_capture,mapping_only,verified_from_image,mapped_not_yet_interactive
2,3,book-big-question,Big Question,multiple / mapped,frame_0038.png,grade2-source/original/book1/frame_0038.webp,full_page_capture; section heading or content area,mapping_only,verified_from_image,mapped_not_yet_interactive
2,3,book-vocabulary-1,Vocabulary 1,multiple / mapped,frame_0039.png | frame_0040.png,grade2-source/original/book1/frame_0039.webp | grade2-source/original/book1/frame_0040.webp,full_page_capture; section heading or content area,interactive_bookExercise,verified_from_image,active
2,3,book-pronunciation,Pronunciation,multiple / mapped,frame_0038.png,grade2-source/original/book1/frame_0038.webp,full_page_capture; section heading or content area,mapping_only,needs_review,mapped_not_yet_interactive
2,3,book-reading-1,Reading 1,multiple / mapped,frame_0040.png | frame_0041.png,grade2-source/original/book1/frame_0040.webp | grade2-source/original/book1/frame_0041.webp,full_page_capture; section heading or content area,mapping_only,ocr_extracted_needs_review,blocked_needs_visual_review
2,3,book-reading-skill,Reading Skill,multiple / mapped,frame_0041.png | frame_0045.png,grade2-source/original/book1/frame_0041.webp | grade2-source/original/book1/frame_0045.webp,full_page_capture; section heading or content area,mapping_only,ocr_extracted_needs_review,blocked_needs_visual_review
2,3,book-grammar-1,Grammar 1,multiple / mapped,frame_0042.png,grade2-source/original/book1/frame_0042.webp,full_page_capture; section heading or content area,mapping_only,ocr_extracted_needs_review,blocked_needs_visual_review
2,3,book-grammar-practice-1,Grammar Practice 1,multiple / mapped,frame_0042.png,grade2-source/original/book1/frame_0042.webp,full_page_capture; section heading or content area,mapping_only,ocr_extracted_needs_review,blocked_needs_visual_review
2,3,book-listening,Listening,multiple / mapped,frame_0042.png | frame_0043.png,grade2-source/original/book1/frame_0042.webp | grade2-source/original/book1/frame_0043.webp,full_page_capture; section heading or content area,mapping_only,ocr_extracted_needs_review,blocked_needs_visual_review
2,3,book-speaking-communication,Speaking/Communication,multiple / mapped,frame_0042.png | frame_0043.png | frame_0047.png | frame_0048.png,grade2-source/original/book1/frame_0042.webp | grade2-source/original/book1/frame_0043.webp | grade2-source/original/book1/frame_0047.webp | grade2-source/original/book1/frame_0048.webp,full_page_capture; section heading or content area,mapping_only,ocr_extracted_needs_review,blocked_needs_visual_review
2,3,book-vocabulary-2,Vocabulary 2,multiple / mapped,frame_0043.png | frame_0044.png,grade2-source/original/book1/frame_0043.webp | grade2-source/original/book1/frame_0044.webp,full_page_capture; section heading or content area,interactive_bookExercise,verified_from_image,active
2,3,book-reading-2,Reading 2,multiple / mapped,frame_0044.png | frame_0045.png | frame_0046.png,grade2-source/original/book1/frame_0044.webp | grade2-source/original/book1/frame_0045.webp | grade2-source/original/book1/frame_0046.webp,full_page_capture; section heading or content area,mapping_only,ocr_extracted_needs_review,blocked_needs_visual_review
2,3,book-grammar-2,Grammar 2,multiple / mapped,frame_0046.png | frame_0047.png,grade2-source/original/book1/frame_0046.webp | grade2-source/original/book1/frame_0047.webp,full_page_capture; section heading or content area,mapping_only,ocr_extracted_needs_review,blocked_needs_visual_review
2,3,book-grammar-practice-2,Grammar Practice 2,multiple / mapped,frame_0047.png,grade2-source/original/book1/frame_0047.webp,full_page_capture; section heading or content area,mapping_only,ocr_extracted_needs_review,blocked_needs_visual_review
2,3,book-writing,Writing,multiple / mapped,frame_0048.png | frame_0049.png,grade2-source/original/book1/frame_0048.webp | grade2-source/original/book1/frame_0049.webp,full_page_capture; section heading or content area,mapping_only,ocr_extracted_needs_review,blocked_needs_visual_review
2,3,book-writing-skill,Writing Skill,multiple / mapped,frame_0048.png | frame_0049.png,grade2-source/original/book1/frame_0048.webp | grade2-source/original/book1/frame_0049.webp,full_page_capture; section heading or content area,mapping_only,ocr_extracted_needs_review,blocked_needs_visual_review
2,3,book-review-unit-check,Review/Unit Check,multiple / mapped,frame_0048.png | frame_0049.png,grade2-source/original/book1/frame_0048.webp | grade2-source/original/book1/frame_0049.webp,full_page_capture; section heading or content area,mapping_only,ocr_extracted_needs_review,blocked_needs_visual_review
2,3,book-value,Value,multiple / mapped,frame_0049.png,grade2-source/original/book1/frame_0049.webp,full_page_capture; section heading or content area,mapping_only,ocr_extracted_needs_review,blocked_needs_visual_review
2,3,book-project,Project,multiple / mapped,frame_0049.png,grade2-source/original/book1/frame_0049.webp,full_page_capture; section heading or content area,mapping_only,ocr_extracted_needs_review,blocked_needs_visual_review
2,3,sourcebook,Khác,multiple / mapped,frame_0038.png | frame_0039.png | frame_0040.png | frame_0041.png | frame_0042.png | frame_0043.png | frame_0044.png | frame_0045.png | frame_0046.png | frame_0047.png | frame_0048.png | frame_0049.png,grade2-source/original/book1/frame_0038.webp | grade2-source/original/book1/frame_0039.webp | grade2-source/original/book1/frame_0040.webp | grade2-source/original/book1/frame_0041.webp | grade2-source/original/book1/frame_0042.webp | grade2-source/original/book1/frame_0043.webp | grade2-source/original/book1/frame_0044.webp | grade2-source/original/book1/frame_0045.webp | grade2-source/original/book1/frame_0046.webp | grade2-source/original/book1/frame_0047.webp | grade2-source/original/book1/frame_0048.webp | grade2-source/original/book1/frame_0049.webp,full_page_capture,mapping_only,verified_from_image,mapped_not_yet_interactive
2,4,book-big-question,Big Question,multiple / mapped,frame_0050.png,grade2-source/original/book1/frame_0050.webp,full_page_capture; section heading or content area,mapping_only,verified_from_image,mapped_not_yet_interactive
2,4,book-vocabulary-1,Vocabulary 1,multiple / mapped,frame_0051.png | frame_0052.png,grade2-source/original/book1/frame_0051.webp | grade2-source/original/book1/frame_0052.webp,full_page_capture; section heading or content area,interactive_bookExercise,verified_from_image,active
2,4,book-pronunciation,Pronunciation,multiple / mapped,frame_0050.png,grade2-source/original/book1/frame_0050.webp,full_page_capture; section heading or content area,mapping_only,needs_review,mapped_not_yet_interactive
2,4,book-reading-1,Reading 1,multiple / mapped,frame_0052.png | frame_0053.png,grade2-source/original/book1/frame_0052.webp | grade2-source/original/book1/frame_0053.webp,full_page_capture; section heading or content area,mapping_only,ocr_extracted_needs_review,blocked_needs_visual_review
2,4,book-reading-skill,Reading Skill,multiple / mapped,frame_0053.png | frame_0057.png,grade2-source/original/book1/frame_0053.webp | grade2-source/original/book1/frame_0057.webp,full_page_capture; section heading or content area,mapping_only,ocr_extracted_needs_review,blocked_needs_visual_review
2,4,book-grammar-1,Grammar 1,multiple / mapped,frame_0054.png,grade2-source/original/book1/frame_0054.webp,full_page_capture; section heading or content area,mapping_only,ocr_extracted_needs_review,blocked_needs_visual_review
2,4,book-grammar-practice-1,Grammar Practice 1,multiple / mapped,frame_0054.png,grade2-source/original/book1/frame_0054.webp,full_page_capture; section heading or content area,mapping_only,ocr_extracted_needs_review,blocked_needs_visual_review
2,4,book-listening,Listening,multiple / mapped,frame_0054.png | frame_0055.png,grade2-source/original/book1/frame_0054.webp | grade2-source/original/book1/frame_0055.webp,full_page_capture; section heading or content area,mapping_only,ocr_extracted_needs_review,blocked_needs_visual_review
2,4,book-speaking-communication,Speaking/Communication,multiple / mapped,frame_0054.png | frame_0059.png,grade2-source/original/book1/frame_0054.webp | grade2-source/original/book1/frame_0059.webp,full_page_capture; section heading or content area,mapping_only,ocr_extracted_needs_review,blocked_needs_visual_review
2,4,book-vocabulary-2,Vocabulary 2,multiple / mapped,frame_0055.png | frame_0056.png,grade2-source/original/book1/frame_0055.webp | grade2-source/original/book1/frame_0056.webp,full_page_capture; section heading or content area,interactive_bookExercise,verified_from_image,active
2,4,book-reading-2,Reading 2,multiple / mapped,frame_0056.png | frame_0057.png | frame_0058.png,grade2-source/original/book1/frame_0056.webp | grade2-source/original/book1/frame_0057.webp | grade2-source/original/book1/frame_0058.webp,full_page_capture; section heading or content area,mapping_only,ocr_extracted_needs_review,blocked_needs_visual_review
2,4,book-grammar-2,Grammar 2,multiple / mapped,frame_0058.png | frame_0059.png,grade2-source/original/book1/frame_0058.webp | grade2-source/original/book1/frame_0059.webp,full_page_capture; section heading or content area,mapping_only,ocr_extracted_needs_review,blocked_needs_visual_review
2,4,book-grammar-practice-2,Grammar Practice 2,multiple / mapped,frame_0059.png,grade2-source/original/book1/frame_0059.webp,full_page_capture; section heading or content area,mapping_only,ocr_extracted_needs_review,blocked_needs_visual_review
2,4,book-writing,Writing,multiple / mapped,frame_0060.png | frame_0061.png,grade2-source/original/book1/frame_0060.webp | grade2-source/original/book1/frame_0061.webp,full_page_capture; section heading or content area,mapping_only,ocr_extracted_needs_review,blocked_needs_visual_review
2,4,book-writing-skill,Writing Skill,multiple / mapped,frame_0060.png,grade2-source/original/book1/frame_0060.webp,full_page_capture; section heading or content area,mapping_only,ocr_extracted_needs_review,blocked_needs_visual_review
2,4,book-review-unit-check,Review/Unit Check,multiple / mapped,frame_0060.png | frame_0061.png,grade2-source/original/book1/frame_0060.webp | grade2-source/original/book1/frame_0061.webp,full_page_capture; section heading or content area,mapping_only,ocr_extracted_needs_review,blocked_needs_visual_review
2,4,book-value,Value,multiple / mapped,frame_0061.png,grade2-source/original/book1/frame_0061.webp,full_page_capture; section heading or content area,mapping_only,ocr_extracted_needs_review,blocked_needs_visual_review
2,4,book-project,Project,multiple / mapped,frame_0061.png,grade2-source/original/book1/frame_0061.webp,full_page_capture; section heading or content area,mapping_only,ocr_extracted_needs_review,blocked_needs_visual_review
2,4,sourcebook,Khác,multiple / mapped,frame_0050.png | frame_0051.png | frame_0052.png | frame_0053.png | frame_0054.png | frame_0055.png | frame_0056.png | frame_0057.png | frame_0058.png | frame_0059.png | frame_0060.png | frame_0061.png,grade2-source/original/book1/frame_0050.webp | grade2-source/original/book1/frame_0051.webp | grade2-source/original/book1/frame_0052.webp | grade2-source/original/book1/frame_0053.webp | grade2-source/original/book1/frame_0054.webp | grade2-source/original/book1/frame_0055.webp | grade2-source/original/book1/frame_0056.webp | grade2-source/original/book1/frame_0057.webp | grade2-source/original/book1/frame_0058.webp | grade2-source/original/book1/frame_0059.webp | grade2-source/original/book1/frame_0060.webp | grade2-source/original/book1/frame_0061.webp,full_page_capture,mapping_only,verified_from_image,mapped_not_yet_interactive
2,5,book-big-question,Big Question,multiple / mapped,frame_0062.png,grade2-source/original/book1/frame_0062.webp,full_page_capture; section heading or content area,mapping_only,verified_from_image,mapped_not_yet_interactive
2,5,book-vocabulary-1,Vocabulary 1,multiple / mapped,frame_0063.png | frame_0064.png,grade2-source/original/book1/frame_0063.webp | grade2-source/original/book1/frame_0064.webp,full_page_capture; section heading or content area,interactive_bookExercise,verified_from_image,active
2,5,book-pronunciation,Pronunciation,multiple / mapped,frame_0062.png,grade2-source/original/book1/frame_0062.webp,full_page_capture; section heading or content area,mapping_only,needs_review,mapped_not_yet_interactive
2,5,book-reading-1,Reading 1,multiple / mapped,frame_0064.png | frame_0065.png,grade2-source/original/book1/frame_0064.webp | grade2-source/original/book1/frame_0065.webp,full_page_capture; section heading or content area,mapping_only,ocr_extracted_needs_review,blocked_needs_visual_review
2,5,book-reading-skill,Reading Skill,multiple / mapped,frame_0065.png | frame_0069.png,grade2-source/original/book1/frame_0065.webp | grade2-source/original/book1/frame_0069.webp,full_page_capture; section heading or content area,mapping_only,ocr_extracted_needs_review,blocked_needs_visual_review
2,5,book-grammar-1,Grammar 1,multiple / mapped,frame_0066.png,grade2-source/original/book1/frame_0066.webp,full_page_capture; section heading or content area,mapping_only,ocr_extracted_needs_review,blocked_needs_visual_review
2,5,book-grammar-practice-1,Grammar Practice 1,multiple / mapped,frame_0066.png,grade2-source/original/book1/frame_0066.webp,full_page_capture; section heading or content area,mapping_only,ocr_extracted_needs_review,blocked_needs_visual_review
2,5,book-listening,Listening,multiple / mapped,frame_0066.png | frame_0067.png,grade2-source/original/book1/frame_0066.webp | grade2-source/original/book1/frame_0067.webp,full_page_capture; section heading or content area,mapping_only,ocr_extracted_needs_review,blocked_needs_visual_review
2,5,book-speaking-communication,Speaking/Communication,multiple / mapped,frame_0066.png | frame_0070.png | frame_0071.png,grade2-source/original/book1/frame_0066.webp | grade2-source/original/book1/frame_0070.webp | grade2-source/original/book1/frame_0071.webp,full_page_capture; section heading or content area,mapping_only,ocr_extracted_needs_review,blocked_needs_visual_review
2,5,book-vocabulary-2,Vocabulary 2,multiple / mapped,frame_0067.png | frame_0068.png,grade2-source/original/book1/frame_0067.webp | grade2-source/original/book1/frame_0068.webp,full_page_capture; section heading or content area,interactive_bookExercise,verified_from_image,active
2,5,book-reading-2,Reading 2,multiple / mapped,frame_0068.png | frame_0069.png | frame_0070.png,grade2-source/original/book1/frame_0068.webp | grade2-source/original/book1/frame_0069.webp | grade2-source/original/book1/frame_0070.webp,full_page_capture; section heading or content area,mapping_only,ocr_extracted_needs_review,blocked_needs_visual_review
2,5,book-grammar-2,Grammar 2,multiple / mapped,frame_0070.png | frame_0071.png,grade2-source/original/book1/frame_0070.webp | grade2-source/original/book1/frame_0071.webp,full_page_capture; section heading or content area,mapping_only,ocr_extracted_needs_review,blocked_needs_visual_review
2,5,book-grammar-practice-2,Grammar Practice 2,multiple / mapped,frame_0071.png,grade2-source/original/book1/frame_0071.webp,full_page_capture; section heading or content area,mapping_only,ocr_extracted_needs_review,blocked_needs_visual_review
2,5,book-writing,Writing,multiple / mapped,frame_0072.png | frame_0073.png,grade2-source/original/book1/frame_0072.webp | grade2-source/original/book1/frame_0073.webp,full_page_capture; section heading or content area,mapping_only,ocr_extracted_needs_review,blocked_needs_visual_review
2,5,book-writing-skill,Writing Skill,multiple / mapped,frame_0072.png,grade2-source/original/book1/frame_0072.webp,full_page_capture; section heading or content area,mapping_only,ocr_extracted_needs_review,blocked_needs_visual_review
2,5,book-review-unit-check,Review/Unit Check,multiple / mapped,frame_0072.png | frame_0073.png,grade2-source/original/book1/frame_0072.webp | grade2-source/original/book1/frame_0073.webp,full_page_capture; section heading or content area,mapping_only,ocr_extracted_needs_review,blocked_needs_visual_review
2,5,book-value,Value,multiple / mapped,frame_0073.png,grade2-source/original/book1/frame_0073.webp,full_page_capture; section heading or content area,mapping_only,ocr_extracted_needs_review,blocked_needs_visual_review
2,5,book-project,Project,multiple / mapped,frame_0073.png,grade2-source/original/book1/frame_0073.webp,full_page_capture; section heading or content area,mapping_only,ocr_extracted_needs_review,blocked_needs_visual_review
2,5,sourcebook,Khác,multiple / mapped,frame_0062.png | frame_0063.png | frame_0064.png | frame_0065.png | frame_0066.png | frame_0067.png | frame_0068.png | frame_0069.png | frame_0070.png | frame_0071.png | frame_0072.png | frame_0073.png,grade2-source/original/book1/frame_0062.webp | grade2-source/original/book1/frame_0063.webp | grade2-source/original/book1/frame_0064.webp | grade2-source/original/book1/frame_0065.webp | grade2-source/original/book1/frame_0066.webp | grade2-source/original/book1/frame_0067.webp | grade2-source/original/book1/frame_0068.webp | grade2-source/original/book1/frame_0069.webp | grade2-source/original/book1/frame_0070.webp | grade2-source/original/book1/frame_0071.webp | grade2-source/original/book1/frame_0072.webp | grade2-source/original/book1/frame_0073.webp,full_page_capture,mapping_only,verified_from_image,mapped_not_yet_interactive
2,6,book-big-question,Big Question,multiple / mapped,frame_0074.png,grade2-source/original/book1/frame_0074.webp,full_page_capture; section heading or content area,mapping_only,verified_from_image,mapped_not_yet_interactive
2,6,book-vocabulary-1,Vocabulary 1,multiple / mapped,frame_0075.png | frame_0076.png,grade2-source/original/book1/frame_0075.webp | grade2-source/original/book1/frame_0076.webp,full_page_capture; section heading or content area,interactive_bookExercise,verified_from_image,active
2,6,book-pronunciation,Pronunciation,multiple / mapped,frame_0074.png,grade2-source/original/book1/frame_0074.webp,full_page_capture; section heading or content area,mapping_only,needs_review,mapped_not_yet_interactive
2,6,book-reading-1,Reading 1,multiple / mapped,frame_0076.png | frame_0077.png,grade2-source/original/book1/frame_0076.webp | grade2-source/original/book1/frame_0077.webp,full_page_capture; section heading or content area,interactive_bookExercise,ocr_extracted_needs_review,active
2,6,book-reading-skill,Reading Skill,multiple / mapped,frame_0077.png | frame_0081.png | frame_0082.png,grade2-source/original/book1/frame_0077.webp | grade2-source/original/book1/frame_0081.webp | grade2-source/original/book1/frame_0082.webp,full_page_capture; section heading or content area,mapping_only,ocr_extracted_needs_review,blocked_needs_visual_review
2,6,book-grammar-1,Grammar 1,multiple / mapped,frame_0078.png,grade2-source/original/book1/frame_0078.webp,full_page_capture; section heading or content area,interactive_bookExercise,ocr_extracted_needs_review,active
2,6,book-grammar-practice-1,Grammar Practice 1,multiple / mapped,frame_0078.png,grade2-source/original/book1/frame_0078.webp,full_page_capture; section heading or content area,mapping_only,ocr_extracted_needs_review,blocked_needs_visual_review
2,6,book-listening,Listening,multiple / mapped,frame_0078.png | frame_0079.png,grade2-source/original/book1/frame_0078.webp | grade2-source/original/book1/frame_0079.webp,full_page_capture; section heading or content area,mapping_only,ocr_extracted_needs_review,blocked_needs_visual_review
2,6,book-speaking-communication,Speaking/Communication,multiple / mapped,frame_0078.png | frame_0079.png | frame_0083.png | frame_0085.png,grade2-source/original/book1/frame_0078.webp | grade2-source/original/book1/frame_0079.webp | grade2-source/original/book1/frame_0083.webp | grade2-source/original/book1/frame_0085.webp,full_page_capture; section heading or content area,interactive_bookExercise,ocr_extracted_needs_review,active
2,6,book-vocabulary-2,Vocabulary 2,multiple / mapped,frame_0079.png | frame_0080.png,grade2-source/original/book1/frame_0079.webp | grade2-source/original/book1/frame_0080.webp,full_page_capture; section heading or content area,interactive_bookExercise,verified_from_image,active
2,6,book-reading-2,Reading 2,multiple / mapped,frame_0080.png | frame_0081.png | frame_0082.png,grade2-source/original/book1/frame_0080.webp | grade2-source/original/book1/frame_0081.webp | grade2-source/original/book1/frame_0082.webp,full_page_capture; section heading or content area,mapping_only,ocr_extracted_needs_review,blocked_needs_visual_review
2,6,book-grammar-2,Grammar 2,multiple / mapped,frame_0082.png | frame_0083.png,grade2-source/original/book1/frame_0082.webp | grade2-source/original/book1/frame_0083.webp,full_page_capture; section heading or content area,mapping_only,ocr_extracted_needs_review,blocked_needs_visual_review
2,6,book-grammar-practice-2,Grammar Practice 2,multiple / mapped,frame_0083.png,grade2-source/original/book1/frame_0083.webp,full_page_capture; section heading or content area,mapping_only,ocr_extracted_needs_review,blocked_needs_visual_review
2,6,book-writing,Writing,multiple / mapped,frame_0084.png | frame_0085.png,grade2-source/original/book1/frame_0084.webp | grade2-source/original/book1/frame_0085.webp,full_page_capture; section heading or content area,interactive_bookExercise,ocr_extracted_needs_review,active
2,6,book-writing-skill,Writing Skill,multiple / mapped,frame_0084.png | frame_0085.png,grade2-source/original/book1/frame_0084.webp | grade2-source/original/book1/frame_0085.webp,full_page_capture; section heading or content area,mapping_only,ocr_extracted_needs_review,blocked_needs_visual_review
2,6,book-project,Project,multiple / mapped,frame_0084.png | frame_0085.png,grade2-source/original/book1/frame_0084.webp | grade2-source/original/book1/frame_0085.webp,full_page_capture; section heading or content area,mapping_only,ocr_extracted_needs_review,blocked_needs_visual_review
2,6,book-review-unit-check,Review/Unit Check,multiple / mapped,frame_0084.png | frame_0085.png,grade2-source/original/book1/frame_0084.webp | grade2-source/original/book1/frame_0085.webp,full_page_capture; section heading or content area,mapping_only,ocr_extracted_needs_review,blocked_needs_visual_review
2,6,book-value,Value,multiple / mapped,frame_0085.png,grade2-source/original/book1/frame_0085.webp,full_page_capture; section heading or content area,mapping_only,ocr_extracted_needs_review,blocked_needs_visual_review
2,6,sourcebook,Khác,multiple / mapped,frame_0074.png | frame_0075.png | frame_0076.png | frame_0077.png | frame_0078.png | frame_0079.png | frame_0080.png | frame_0081.png | frame_0082.png | frame_0083.png | frame_0084.png | frame_0085.png,grade2-source/original/book1/frame_0074.webp | grade2-source/original/book1/frame_0075.webp | grade2-source/original/book1/frame_0076.webp | grade2-source/original/book1/frame_0077.webp | grade2-source/original/book1/frame_0078.webp | grade2-source/original/book1/frame_0079.webp | grade2-source/original/book1/frame_0080.webp | grade2-source/original/book1/frame_0081.webp | grade2-source/original/book1/frame_0082.webp | grade2-source/original/book1/frame_0083.webp | grade2-source/original/book1/frame_0084.webp | grade2-source/original/book1/frame_0085.webp,full_page_capture,mapping_only,verified_from_image,mapped_not_yet_interactive
2,7,book-big-question,Big Question,multiple / mapped,frame_0086.png,grade2-source/original/book1/frame_0086.webp,full_page_capture; section heading or content area,mapping_only,verified_from_image,mapped_not_yet_interactive
2,7,book-vocabulary-1,Vocabulary 1,multiple / mapped,frame_0087.png | frame_0088.png,grade2-source/original/book1/frame_0087.webp | grade2-source/original/book1/frame_0088.webp,full_page_capture; section heading or content area,interactive_bookExercise,verified_from_image,active
2,7,book-pronunciation,Pronunciation,multiple / mapped,frame_0086.png,grade2-source/original/book1/frame_0086.webp,full_page_capture; section heading or content area,mapping_only,needs_review,mapped_not_yet_interactive
2,7,book-reading-1,Reading 1,multiple / mapped,frame_0088.png | frame_0089.png,grade2-source/original/book1/frame_0088.webp | grade2-source/original/book1/frame_0089.webp,full_page_capture; section heading or content area,mapping_only,ocr_extracted_needs_review,blocked_needs_visual_review
2,7,book-reading-skill,Reading Skill,multiple / mapped,frame_0089.png | frame_0093.png,grade2-source/original/book1/frame_0089.webp | grade2-source/original/book1/frame_0093.webp,full_page_capture; section heading or content area,mapping_only,ocr_extracted_needs_review,blocked_needs_visual_review
2,7,book-grammar-1,Grammar 1,multiple / mapped,frame_0090.png,grade2-source/original/book1/frame_0090.webp,full_page_capture; section heading or content area,mapping_only,ocr_extracted_needs_review,blocked_needs_visual_review
2,7,book-grammar-practice-1,Grammar Practice 1,multiple / mapped,frame_0090.png,grade2-source/original/book1/frame_0090.webp,full_page_capture; section heading or content area,mapping_only,ocr_extracted_needs_review,blocked_needs_visual_review
2,7,book-listening,Listening,multiple / mapped,frame_0090.png | frame_0091.png,grade2-source/original/book1/frame_0090.webp | grade2-source/original/book1/frame_0091.webp,full_page_capture; section heading or content area,mapping_only,ocr_extracted_needs_review,blocked_needs_visual_review
2,7,book-speaking-communication,Speaking/Communication,multiple / mapped,frame_0090.png | frame_0095.png | frame_0097.png,grade2-source/original/book1/frame_0090.webp | grade2-source/original/book1/frame_0095.webp | grade2-source/original/book1/frame_0097.webp,full_page_capture; section heading or content area,mapping_only,ocr_extracted_needs_review,blocked_needs_visual_review
2,7,book-vocabulary-2,Vocabulary 2,multiple / mapped,frame_0091.png | frame_0092.png,grade2-source/original/book1/frame_0091.webp | grade2-source/original/book1/frame_0092.webp,full_page_capture; section heading or content area,interactive_bookExercise,verified_from_image,active
2,7,book-reading-2,Reading 2,multiple / mapped,frame_0092.png | frame_0093.png | frame_0094.png,grade2-source/original/book1/frame_0092.webp | grade2-source/original/book1/frame_0093.webp | grade2-source/original/book1/frame_0094.webp,full_page_capture; section heading or content area,mapping_only,ocr_extracted_needs_review,blocked_needs_visual_review
2,7,book-grammar-2,Grammar 2,multiple / mapped,frame_0094.png | frame_0095.png,grade2-source/original/book1/frame_0094.webp | grade2-source/original/book1/frame_0095.webp,full_page_capture; section heading or content area,mapping_only,ocr_extracted_needs_review,blocked_needs_visual_review
2,7,book-grammar-practice-2,Grammar Practice 2,multiple / mapped,frame_0095.png,grade2-source/original/book1/frame_0095.webp,full_page_capture; section heading or content area,mapping_only,ocr_extracted_needs_review,blocked_needs_visual_review
2,7,book-writing,Writing,multiple / mapped,frame_0096.png | frame_0097.png,grade2-source/original/book1/frame_0096.webp | grade2-source/original/book1/frame_0097.webp,full_page_capture; section heading or content area,mapping_only,ocr_extracted_needs_review,blocked_needs_visual_review
2,7,book-writing-skill,Writing Skill,multiple / mapped,frame_0096.png,grade2-source/original/book1/frame_0096.webp,full_page_capture; section heading or content area,mapping_only,ocr_extracted_needs_review,blocked_needs_visual_review
2,7,book-review-unit-check,Review/Unit Check,multiple / mapped,frame_0096.png | frame_0097.png,grade2-source/original/book1/frame_0096.webp | grade2-source/original/book1/frame_0097.webp,full_page_capture; section heading or content area,mapping_only,ocr_extracted_needs_review,blocked_needs_visual_review
2,7,book-value,Value,multiple / mapped,frame_0097.png,grade2-source/original/book1/frame_0097.webp,full_page_capture; section heading or content area,mapping_only,ocr_extracted_needs_review,blocked_needs_visual_review
2,7,book-project,Project,multiple / mapped,frame_0097.png,grade2-source/original/book1/frame_0097.webp,full_page_capture; section heading or content area,mapping_only,ocr_extracted_needs_review,blocked_needs_visual_review
2,7,sourcebook,Khác,multiple / mapped,frame_0086.png | frame_0087.png | frame_0088.png | frame_0089.png | frame_0090.png | frame_0091.png | frame_0092.png | frame_0093.png | frame_0094.png | frame_0095.png | frame_0096.png | frame_0097.png,grade2-source/original/book1/frame_0086.webp | grade2-source/original/book1/frame_0087.webp | grade2-source/original/book1/frame_0088.webp | grade2-source/original/book1/frame_0089.webp | grade2-source/original/book1/frame_0090.webp | grade2-source/original/book1/frame_0091.webp | grade2-source/original/book1/frame_0092.webp | grade2-source/original/book1/frame_0093.webp | grade2-source/original/book1/frame_0094.webp | grade2-source/original/book1/frame_0095.webp | grade2-source/original/book1/frame_0096.webp | grade2-source/original/book1/frame_0097.webp,full_page_capture,mapping_only,verified_from_image,mapped_not_yet_interactive
2,8,book-big-question,Big Question,multiple / mapped,018.png,grade2-source/original/book2/018.webp,full_page_capture; section heading or content area,mapping_only,verified_from_image,mapped_not_yet_interactive
2,8,book-vocabulary-1,Vocabulary 1,multiple / mapped,019.png | 020.png | 021.png,grade2-source/original/book2/019.webp | grade2-source/original/book2/020.webp | grade2-source/original/book2/021.webp,full_page_capture; section heading or content area,interactive_bookExercise,verified_from_image,active
2,8,book-pronunciation,Pronunciation,multiple / mapped,frame_0098.png,grade2-source/original/book1/frame_0098.webp,full_page_capture; section heading or content area,mapping_only,needs_review,mapped_not_yet_interactive
2,8,book-reading-1,Reading 1,multiple / mapped,020.png | 021.png | 022.png,grade2-source/original/book2/020.webp | grade2-source/original/book2/021.webp | grade2-source/original/book2/022.webp,full_page_capture; section heading or content area,mapping_only,ocr_extracted_needs_review,blocked_needs_visual_review
2,8,book-reading-skill,Reading Skill,multiple / mapped,021.png | 025.png,grade2-source/original/book2/021.webp | grade2-source/original/book2/025.webp,full_page_capture; section heading or content area,mapping_only,ocr_extracted_needs_review,blocked_needs_visual_review
2,8,book-grammar-1,Grammar 1,multiple / mapped,022.png,grade2-source/original/book2/022.webp,full_page_capture; section heading or content area,mapping_only,ocr_extracted_needs_review,blocked_needs_visual_review
2,8,book-grammar-practice-1,Grammar Practice 1,multiple / mapped,022.png,grade2-source/original/book2/022.webp,full_page_capture; section heading or content area,mapping_only,ocr_extracted_needs_review,blocked_needs_visual_review
2,8,book-listening,Listening,multiple / mapped,022.png | 023.png | 025.png,grade2-source/original/book2/022.webp | grade2-source/original/book2/023.webp | grade2-source/original/book2/025.webp,full_page_capture; section heading or content area,mapping_only,ocr_extracted_needs_review,blocked_needs_visual_review
2,8,book-speaking-communication,Speaking/Communication,multiple / mapped,frame_0098.png | frame_0099.png | 022.png | 027.png,grade2-source/original/book1/frame_0098.webp | grade2-source/original/book1/frame_0099.webp | grade2-source/original/book2/022.webp | grade2-source/original/book2/027.webp,full_page_capture; section heading or content area,mapping_only,ocr_extracted_needs_review,blocked_needs_visual_review
2,8,book-vocabulary-2,Vocabulary 2,multiple / mapped,023.png | 024.png | 025.png,grade2-source/original/book2/023.webp | grade2-source/original/book2/024.webp | grade2-source/original/book2/025.webp,full_page_capture; section heading or content area,interactive_bookExercise,verified_from_image,active
2,8,book-reading-2,Reading 2,multiple / mapped,024.png | 025.png | 026.png | 027.png,grade2-source/original/book2/024.webp | grade2-source/original/book2/025.webp | grade2-source/original/book2/026.webp | grade2-source/original/book2/027.webp,full_page_capture; section heading or content area,mapping_only,ocr_extracted_needs_review,blocked_needs_visual_review
2,8,book-grammar-2,Grammar 2,multiple / mapped,026.png | 027.png,grade2-source/original/book2/026.webp | grade2-source/original/book2/027.webp,full_page_capture; section heading or content area,mapping_only,ocr_extracted_needs_review,blocked_needs_visual_review
2,8,book-grammar-practice-2,Grammar Practice 2,multiple / mapped,027.png,grade2-source/original/book2/027.webp,full_page_capture; section heading or content area,mapping_only,ocr_extracted_needs_review,blocked_needs_visual_review
2,8,book-writing,Writing,multiple / mapped,frame_0098.png | frame_0099.png | 028.png | 029.png,grade2-source/original/book1/frame_0098.webp | grade2-source/original/book1/frame_0099.webp | grade2-source/original/book2/028.webp | grade2-source/original/book2/029.webp,full_page_capture; section heading or content area,mapping_only,ocr_extracted_needs_review,blocked_needs_visual_review
2,8,book-writing-skill,Writing Skill,multiple / mapped,028.png,grade2-source/original/book2/028.webp,full_page_capture; section heading or content area,mapping_only,ocr_extracted_needs_review,blocked_needs_visual_review
2,8,book-value,Value,multiple / mapped,029.png,grade2-source/original/book2/029.webp,full_page_capture; section heading or content area,mapping_only,ocr_extracted_needs_review,blocked_needs_visual_review
2,8,book-project,Project,multiple / mapped,029.png,grade2-source/original/book2/029.webp,full_page_capture; section heading or content area,mapping_only,ocr_extracted_needs_review,blocked_needs_visual_review
2,8,book-review-unit-check,Review/Unit Check,multiple / mapped,029.png,grade2-source/original/book2/029.webp,full_page_capture; section heading or content area,mapping_only,ocr_extracted_needs_review,blocked_needs_visual_review
2,8,sourcebook,Khác,multiple / mapped,frame_0098.png | frame_0099.png | frame_0100.png | 018.png | 019.png | 020.png | 021.png | 022.png | 023.png | 024.png | 025.png | 026.png | 027.png | 028.png | 029.png,grade2-source/original/book1/frame_0098.webp | grade2-source/original/book1/frame_0099.webp | grade2-source/original/book1/frame_0100.webp | grade2-source/original/book2/018.webp | grade2-source/original/book2/019.webp | grade2-source/original/book2/020.webp | grade2-source/original/book2/021.webp | grade2-source/original/book2/022.webp | grade2-source/original/book2/023.webp | grade2-source/original/book2/024.webp | grade2-source/original/book2/025.webp | grade2-source/original/book2/026.webp | grade2-source/original/book2/027.webp | grade2-source/original/book2/028.webp | grade2-source/original/book2/029.webp,full_page_capture,mapping_only,verified_from_image,mapped_not_yet_interactive
2,9,book-big-question,Big Question,multiple / mapped,030.png,grade2-source/original/book2/030.webp,full_page_capture; section heading or content area,mapping_only,verified_from_image,mapped_not_yet_interactive
2,9,book-vocabulary-1,Vocabulary 1,multiple / mapped,031.png | 032.png,grade2-source/original/book2/031.webp | grade2-source/original/book2/032.webp,full_page_capture; section heading or content area,interactive_bookExercise,verified_from_image,active
2,9,book-pronunciation,Pronunciation,multiple / mapped,030.png,grade2-source/original/book2/030.webp,full_page_capture; section heading or content area,mapping_only,needs_review,mapped_not_yet_interactive
2,9,book-reading-1,Reading 1,multiple / mapped,032.png | 033.png,grade2-source/original/book2/032.webp | grade2-source/original/book2/033.webp,full_page_capture; section heading or content area,mapping_only,ocr_extracted_needs_review,blocked_needs_visual_review
2,9,book-reading-skill,Reading Skill,multiple / mapped,033.png | 037.png,grade2-source/original/book2/033.webp | grade2-source/original/book2/037.webp,full_page_capture; section heading or content area,mapping_only,ocr_extracted_needs_review,blocked_needs_visual_review
2,9,book-grammar-1,Grammar 1,multiple / mapped,034.png,grade2-source/original/book2/034.webp,full_page_capture; section heading or content area,mapping_only,ocr_extracted_needs_review,blocked_needs_visual_review
2,9,book-grammar-practice-1,Grammar Practice 1,multiple / mapped,034.png,grade2-source/original/book2/034.webp,full_page_capture; section heading or content area,mapping_only,ocr_extracted_needs_review,blocked_needs_visual_review
2,9,book-listening,Listening,multiple / mapped,034.png | 035.png,grade2-source/original/book2/034.webp | grade2-source/original/book2/035.webp,full_page_capture; section heading or content area,mapping_only,ocr_extracted_needs_review,blocked_needs_visual_review
2,9,book-speaking-communication,Speaking/Communication,multiple / mapped,034.png | 039.png | 040.png | 041.png,grade2-source/original/book2/034.webp | grade2-source/original/book2/039.webp | grade2-source/original/book2/040.webp | grade2-source/original/book2/041.webp,full_page_capture; section heading or content area,mapping_only,ocr_extracted_needs_review,blocked_needs_visual_review
2,9,book-vocabulary-2,Vocabulary 2,multiple / mapped,035.png | 036.png | 037.png,grade2-source/original/book2/035.webp | grade2-source/original/book2/036.webp | grade2-source/original/book2/037.webp,full_page_capture; section heading or content area,interactive_bookExercise,verified_from_image,active
2,9,book-reading-2,Reading 2,multiple / mapped,036.png | 037.png | 038.png | 039.png,grade2-source/original/book2/036.webp | grade2-source/original/book2/037.webp | grade2-source/original/book2/038.webp | grade2-source/original/book2/039.webp,full_page_capture; section heading or content area,mapping_only,ocr_extracted_needs_review,blocked_needs_visual_review
2,9,book-grammar-2,Grammar 2,multiple / mapped,038.png | 039.png,grade2-source/original/book2/038.webp | grade2-source/original/book2/039.webp,full_page_capture; section heading or content area,mapping_only,ocr_extracted_needs_review,blocked_needs_visual_review
2,9,book-grammar-practice-2,Grammar Practice 2,multiple / mapped,039.png,grade2-source/original/book2/039.webp,full_page_capture; section heading or content area,mapping_only,ocr_extracted_needs_review,blocked_needs_visual_review
2,9,book-writing,Writing,multiple / mapped,040.png | 041.png,grade2-source/original/book2/040.webp | grade2-source/original/book2/041.webp,full_page_capture; section heading or content area,mapping_only,ocr_extracted_needs_review,blocked_needs_visual_review
2,9,book-writing-skill,Writing Skill,multiple / mapped,040.png,grade2-source/original/book2/040.webp,full_page_capture; section heading or content area,mapping_only,ocr_extracted_needs_review,blocked_needs_visual_review
2,9,book-value,Value,multiple / mapped,041.png,grade2-source/original/book2/041.webp,full_page_capture; section heading or content area,mapping_only,ocr_extracted_needs_review,blocked_needs_visual_review
2,9,book-project,Project,multiple / mapped,041.png,grade2-source/original/book2/041.webp,full_page_capture; section heading or content area,mapping_only,ocr_extracted_needs_review,blocked_needs_visual_review
2,9,book-review-unit-check,Review/Unit Check,multiple / mapped,041.png,grade2-source/original/book2/041.webp,full_page_capture; section heading or content area,mapping_only,ocr_extracted_needs_review,blocked_needs_visual_review
2,9,sourcebook,Khác,multiple / mapped,030.png | 031.png | 032.png | 033.png | 034.png | 035.png | 036.png | 037.png | 038.png | 039.png | 040.png | 041.png,grade2-source/original/book2/030.webp | grade2-source/original/book2/031.webp | grade2-source/original/book2/032.webp | grade2-source/original/book2/033.webp | grade2-source/original/book2/034.webp | grade2-source/original/book2/035.webp | grade2-source/original/book2/036.webp | grade2-source/original/book2/037.webp | grade2-source/original/book2/038.webp | grade2-source/original/book2/039.webp | grade2-source/original/book2/040.webp | grade2-source/original/book2/041.webp,full_page_capture,mapping_only,verified_from_image,mapped_not_yet_interactive
2,10,book-big-question,Big Question,multiple / mapped,042.png,grade2-source/original/book2/042.webp,full_page_capture; section heading or content area,mapping_only,verified_from_image,mapped_not_yet_interactive
2,10,book-vocabulary-1,Vocabulary 1,multiple / mapped,043.png | 044.png | 045.png,grade2-source/original/book2/043.webp | grade2-source/original/book2/044.webp | grade2-source/original/book2/045.webp,full_page_capture; section heading or content area,interactive_bookExercise,verified_from_image,active
2,10,book-pronunciation,Pronunciation,multiple / mapped,042.png,grade2-source/original/book2/042.webp,full_page_capture; section heading or content area,mapping_only,needs_review,mapped_not_yet_interactive
2,10,book-reading-1,Reading 1,multiple / mapped,044.png | 045.png | 046.png,grade2-source/original/book2/044.webp | grade2-source/original/book2/045.webp | grade2-source/original/book2/046.webp,full_page_capture; section heading or content area,mapping_only,ocr_extracted_needs_review,blocked_needs_visual_review
2,10,book-reading-skill,Reading Skill,multiple / mapped,045.png | 049.png,grade2-source/original/book2/045.webp | grade2-source/original/book2/049.webp,full_page_capture; section heading or content area,mapping_only,ocr_extracted_needs_review,blocked_needs_visual_review
2,10,book-grammar-1,Grammar 1,multiple / mapped,046.png,grade2-source/original/book2/046.webp,full_page_capture; section heading or content area,mapping_only,ocr_extracted_needs_review,blocked_needs_visual_review
2,10,book-grammar-practice-1,Grammar Practice 1,multiple / mapped,046.png,grade2-source/original/book2/046.webp,full_page_capture; section heading or content area,mapping_only,ocr_extracted_needs_review,blocked_needs_visual_review
2,10,book-listening,Listening,multiple / mapped,046.png | 047.png,grade2-source/original/book2/046.webp | grade2-source/original/book2/047.webp,full_page_capture; section heading or content area,mapping_only,ocr_extracted_needs_review,blocked_needs_visual_review
2,10,book-speaking-communication,Speaking/Communication,multiple / mapped,046.png | 049.png | 050.png | 051.png | 053.png,grade2-source/original/book2/046.webp | grade2-source/original/book2/049.webp | grade2-source/original/book2/050.webp | grade2-source/original/book2/051.webp | grade2-source/original/book2/053.webp,full_page_capture; section heading or content area,mapping_only,ocr_extracted_needs_review,blocked_needs_visual_review
2,10,book-vocabulary-2,Vocabulary 2,multiple / mapped,047.png | 048.png | 049.png,grade2-source/original/book2/047.webp | grade2-source/original/book2/048.webp | grade2-source/original/book2/049.webp,full_page_capture; section heading or content area,interactive_bookExercise,verified_from_image,active
2,10,book-reading-2,Reading 2,multiple / mapped,048.png | 049.png | 050.png | 051.png,grade2-source/original/book2/048.webp | grade2-source/original/book2/049.webp | grade2-source/original/book2/050.webp | grade2-source/original/book2/051.webp,full_page_capture; section heading or content area,mapping_only,ocr_extracted_needs_review,blocked_needs_visual_review
2,10,book-grammar-2,Grammar 2,multiple / mapped,050.png | 051.png,grade2-source/original/book2/050.webp | grade2-source/original/book2/051.webp,full_page_capture; section heading or content area,mapping_only,ocr_extracted_needs_review,blocked_needs_visual_review
2,10,book-grammar-practice-2,Grammar Practice 2,multiple / mapped,051.png,grade2-source/original/book2/051.webp,full_page_capture; section heading or content area,mapping_only,ocr_extracted_needs_review,blocked_needs_visual_review
2,10,book-writing,Writing,multiple / mapped,052.png | 053.png,grade2-source/original/book2/052.webp | grade2-source/original/book2/053.webp,full_page_capture; section heading or content area,mapping_only,ocr_extracted_needs_review,blocked_needs_visual_review
2,10,book-writing-skill,Writing Skill,multiple / mapped,052.png,grade2-source/original/book2/052.webp,full_page_capture; section heading or content area,mapping_only,ocr_extracted_needs_review,blocked_needs_visual_review
2,10,book-value,Value,multiple / mapped,053.png,grade2-source/original/book2/053.webp,full_page_capture; section heading or content area,mapping_only,ocr_extracted_needs_review,blocked_needs_visual_review
2,10,book-project,Project,multiple / mapped,053.png,grade2-source/original/book2/053.webp,full_page_capture; section heading or content area,mapping_only,ocr_extracted_needs_review,blocked_needs_visual_review
2,10,book-review-unit-check,Review/Unit Check,multiple / mapped,053.png,grade2-source/original/book2/053.webp,full_page_capture; section heading or content area,mapping_only,ocr_extracted_needs_review,blocked_needs_visual_review
2,10,sourcebook,Khác,multiple / mapped,042.png | 043.png | 044.png | 045.png | 046.png | 047.png | 048.png | 049.png | 050.png | 051.png | 052.png | 053.png,grade2-source/original/book2/042.webp | grade2-source/original/book2/043.webp | grade2-source/original/book2/044.webp | grade2-source/original/book2/045.webp | grade2-source/original/book2/046.webp | grade2-source/original/book2/047.webp | grade2-source/original/book2/048.webp | grade2-source/original/book2/049.webp | grade2-source/original/book2/050.webp | grade2-source/original/book2/051.webp | grade2-source/original/book2/052.webp | grade2-source/original/book2/053.webp,full_page_capture,mapping_only,verified_from_image,mapped_not_yet_interactive
2,11,book-big-question,Big Question,multiple / mapped,054.png,grade2-source/original/book2/054.webp,full_page_capture; section heading or content area,mapping_only,verified_from_image,mapped_not_yet_interactive
2,11,book-vocabulary-1,Vocabulary 1,multiple / mapped,055.png | 056.png,grade2-source/original/book2/055.webp | grade2-source/original/book2/056.webp,full_page_capture; section heading or content area,interactive_bookExercise,verified_from_image,active
2,11,book-pronunciation,Pronunciation,multiple / mapped,054.png,grade2-source/original/book2/054.webp,full_page_capture; section heading or content area,mapping_only,needs_review,mapped_not_yet_interactive
2,11,book-reading-1,Reading 1,multiple / mapped,056.png | 057.png | 058.png,grade2-source/original/book2/056.webp | grade2-source/original/book2/057.webp | grade2-source/original/book2/058.webp,full_page_capture; section heading or content area,mapping_only,ocr_extracted_needs_review,blocked_needs_visual_review
2,11,book-reading-skill,Reading Skill,multiple / mapped,057.png | 061.png,grade2-source/original/book2/057.webp | grade2-source/original/book2/061.webp,full_page_capture; section heading or content area,mapping_only,ocr_extracted_needs_review,blocked_needs_visual_review
2,11,book-grammar-1,Grammar 1,multiple / mapped,058.png,grade2-source/original/book2/058.webp,full_page_capture; section heading or content area,mapping_only,ocr_extracted_needs_review,blocked_needs_visual_review
2,11,book-grammar-practice-1,Grammar Practice 1,multiple / mapped,058.png,grade2-source/original/book2/058.webp,full_page_capture; section heading or content area,mapping_only,ocr_extracted_needs_review,blocked_needs_visual_review
2,11,book-listening,Listening,multiple / mapped,058.png | 059.png,grade2-source/original/book2/058.webp | grade2-source/original/book2/059.webp,full_page_capture; section heading or content area,mapping_only,ocr_extracted_needs_review,blocked_needs_visual_review
2,11,book-speaking-communication,Speaking/Communication,multiple / mapped,058.png | 063.png,grade2-source/original/book2/058.webp | grade2-source/original/book2/063.webp,full_page_capture; section heading or content area,mapping_only,ocr_extracted_needs_review,blocked_needs_visual_review
2,11,book-vocabulary-2,Vocabulary 2,multiple / mapped,059.png | 060.png | 061.png,grade2-source/original/book2/059.webp | grade2-source/original/book2/060.webp | grade2-source/original/book2/061.webp,full_page_capture; section heading or content area,interactive_bookExercise,verified_from_image,active
2,11,book-reading-2,Reading 2,multiple / mapped,060.png | 061.png | 062.png | 063.png,grade2-source/original/book2/060.webp | grade2-source/original/book2/061.webp | grade2-source/original/book2/062.webp | grade2-source/original/book2/063.webp,full_page_capture; section heading or content area,mapping_only,ocr_extracted_needs_review,blocked_needs_visual_review
2,11,book-grammar-2,Grammar 2,multiple / mapped,062.png | 063.png,grade2-source/original/book2/062.webp | grade2-source/original/book2/063.webp,full_page_capture; section heading or content area,mapping_only,ocr_extracted_needs_review,blocked_needs_visual_review
2,11,book-grammar-practice-2,Grammar Practice 2,multiple / mapped,063.png,grade2-source/original/book2/063.webp,full_page_capture; section heading or content area,mapping_only,ocr_extracted_needs_review,blocked_needs_visual_review
2,11,book-writing,Writing,multiple / mapped,064.png | 065.png,grade2-source/original/book2/064.webp | grade2-source/original/book2/065.webp,full_page_capture; section heading or content area,mapping_only,ocr_extracted_needs_review,blocked_needs_visual_review
2,11,book-writing-skill,Writing Skill,multiple / mapped,064.png,grade2-source/original/book2/064.webp,full_page_capture; section heading or content area,mapping_only,ocr_extracted_needs_review,blocked_needs_visual_review
2,11,book-value,Value,multiple / mapped,065.png,grade2-source/original/book2/065.webp,full_page_capture; section heading or content area,mapping_only,ocr_extracted_needs_review,blocked_needs_visual_review
2,11,book-project,Project,multiple / mapped,065.png,grade2-source/original/book2/065.webp,full_page_capture; section heading or content area,mapping_only,ocr_extracted_needs_review,blocked_needs_visual_review
2,11,book-review-unit-check,Review/Unit Check,multiple / mapped,065.png,grade2-source/original/book2/065.webp,full_page_capture; section heading or content area,mapping_only,ocr_extracted_needs_review,blocked_needs_visual_review
2,11,sourcebook,Khác,multiple / mapped,054.png | 055.png | 056.png | 057.png | 058.png | 059.png | 060.png | 061.png | 062.png | 063.png | 064.png | 065.png,grade2-source/original/book2/054.webp | grade2-source/original/book2/055.webp | grade2-source/original/book2/056.webp | grade2-source/original/book2/057.webp | grade2-source/original/book2/058.webp | grade2-source/original/book2/059.webp | grade2-source/original/book2/060.webp | grade2-source/original/book2/061.webp | grade2-source/original/book2/062.webp | grade2-source/original/book2/063.webp | grade2-source/original/book2/064.webp | grade2-source/original/book2/065.webp,full_page_capture,mapping_only,verified_from_image,mapped_not_yet_interactive
2,12,book-big-question,Big Question,multiple / mapped,066.png,grade2-source/original/book2/066.webp,full_page_capture; section heading or content area,mapping_only,verified_from_image,mapped_not_yet_interactive
2,12,book-vocabulary-1,Vocabulary 1,multiple / mapped,067.png | 068.png,grade2-source/original/book2/067.webp | grade2-source/original/book2/068.webp,full_page_capture; section heading or content area,interactive_bookExercise,verified_from_image,active
2,12,book-pronunciation,Pronunciation,multiple / mapped,066.png,grade2-source/original/book2/066.webp,full_page_capture; section heading or content area,mapping_only,needs_review,mapped_not_yet_interactive
2,12,book-reading-1,Reading 1,multiple / mapped,068.png | 069.png | 070.png,grade2-source/original/book2/068.webp | grade2-source/original/book2/069.webp | grade2-source/original/book2/070.webp,full_page_capture; section heading or content area,interactive_bookExercise,ocr_extracted_needs_review,active
2,12,book-reading-skill,Reading Skill,multiple / mapped,069.png | 073.png,grade2-source/original/book2/069.webp | grade2-source/original/book2/073.webp,full_page_capture; section heading or content area,mapping_only,ocr_extracted_needs_review,blocked_needs_visual_review
2,12,book-grammar-1,Grammar 1,multiple / mapped,070.png,grade2-source/original/book2/070.webp,full_page_capture; section heading or content area,interactive_bookExercise,ocr_extracted_needs_review,active
2,12,book-grammar-practice-1,Grammar Practice 1,multiple / mapped,070.png,grade2-source/original/book2/070.webp,full_page_capture; section heading or content area,mapping_only,ocr_extracted_needs_review,blocked_needs_visual_review
2,12,book-listening,Listening,multiple / mapped,070.png | 071.png | 072.png | 073.png,grade2-source/original/book2/070.webp | grade2-source/original/book2/071.webp | grade2-source/original/book2/072.webp | grade2-source/original/book2/073.webp,full_page_capture; section heading or content area,mapping_only,ocr_extracted_needs_review,blocked_needs_visual_review
2,12,book-speaking-communication,Speaking/Communication,multiple / mapped,070.png | 075.png | 076.png | 077.png,grade2-source/original/book2/070.webp | grade2-source/original/book2/075.webp | grade2-source/original/book2/076.webp | grade2-source/original/book2/077.webp,full_page_capture; section heading or content area,interactive_bookExercise,ocr_extracted_needs_review,active
2,12,book-vocabulary-2,Vocabulary 2,multiple / mapped,071.png | 072.png | 073.png,grade2-source/original/book2/071.webp | grade2-source/original/book2/072.webp | grade2-source/original/book2/073.webp,full_page_capture; section heading or content area,interactive_bookExercise,verified_from_image,active
2,12,book-reading-2,Reading 2,multiple / mapped,072.png | 073.png | 074.png | 075.png,grade2-source/original/book2/072.webp | grade2-source/original/book2/073.webp | grade2-source/original/book2/074.webp | grade2-source/original/book2/075.webp,full_page_capture; section heading or content area,mapping_only,ocr_extracted_needs_review,blocked_needs_visual_review
2,12,book-grammar-2,Grammar 2,multiple / mapped,074.png | 075.png,grade2-source/original/book2/074.webp | grade2-source/original/book2/075.webp,full_page_capture; section heading or content area,mapping_only,ocr_extracted_needs_review,blocked_needs_visual_review
2,12,book-grammar-practice-2,Grammar Practice 2,multiple / mapped,075.png,grade2-source/original/book2/075.webp,full_page_capture; section heading or content area,mapping_only,ocr_extracted_needs_review,blocked_needs_visual_review
2,12,book-writing,Writing,multiple / mapped,076.png | 077.png | 078.png,grade2-source/original/book2/076.webp | grade2-source/original/book2/077.webp | grade2-source/original/book2/078.webp,full_page_capture; section heading or content area,interactive_bookExercise,ocr_extracted_needs_review,active
2,12,book-writing-skill,Writing Skill,multiple / mapped,076.png,grade2-source/original/book2/076.webp,full_page_capture; section heading or content area,mapping_only,ocr_extracted_needs_review,blocked_needs_visual_review
2,12,book-value,Value,multiple / mapped,077.png,grade2-source/original/book2/077.webp,full_page_capture; section heading or content area,mapping_only,ocr_extracted_needs_review,blocked_needs_visual_review
2,12,book-project,Project,multiple / mapped,077.png,grade2-source/original/book2/077.webp,full_page_capture; section heading or content area,mapping_only,ocr_extracted_needs_review,blocked_needs_visual_review
2,12,book-review-unit-check,Review/Unit Check,multiple / mapped,077.png | 078.png,grade2-source/original/book2/077.webp | grade2-source/original/book2/078.webp,full_page_capture; section heading or content area,mapping_only,ocr_extracted_needs_review,blocked_needs_visual_review
2,12,sourcebook,Khác,multiple / mapped,066.png | 067.png | 068.png | 069.png | 070.png | 071.png | 072.png | 073.png | 074.png | 075.png | 076.png | 077.png | 078.png,grade2-source/original/book2/066.webp | grade2-source/original/book2/067.webp | grade2-source/original/book2/068.webp | grade2-source/original/book2/069.webp | grade2-source/original/book2/070.webp | grade2-source/original/book2/071.webp | grade2-source/original/book2/072.webp | grade2-source/original/book2/073.webp | grade2-source/original/book2/074.webp | grade2-source/original/book2/075.webp | grade2-source/original/book2/076.webp | grade2-source/original/book2/077.webp | grade2-source/original/book2/078.webp,full_page_capture,mapping_only,verified_from_image,mapped_not_yet_interactive
3,1,book-big-question,Big Question,multiple / mapped,020.png,grade3-source/original/020.webp,full_page_capture; section heading or content area,mapping_only,verified_from_image,mapped_not_yet_interactive
3,1,book-clil-content,CLIL/Content,multiple / mapped,020.png | 021.png | 025.png,grade3-source/original/020.webp | grade3-source/original/021.webp | grade3-source/original/025.webp,full_page_capture; section heading or content area,mapping_only,ocr_extracted_needs_review,blocked_needs_visual_review
3,1,book-vocabulary-1,Vocabulary 1,multiple / mapped,021.png | 022.png,grade3-source/original/021.webp | grade3-source/original/022.webp,full_page_capture; section heading or content area,interactive_bookExercise,verified_from_image,active
3,1,book-reading-1,Reading 1,multiple / mapped,022.png | 023.png | 024.png | 025.png,grade3-source/original/022.webp | grade3-source/original/023.webp | grade3-source/original/024.webp | grade3-source/original/025.webp,full_page_capture; section heading or content area,interactive_bookExercise,ocr_extracted_needs_review,active
3,1,book-reading-skill,Reading Skill,multiple / mapped,022.png | 023.png | 024.png | 030.png,grade3-source/original/022.webp | grade3-source/original/023.webp | grade3-source/original/024.webp | grade3-source/original/030.webp,full_page_capture; section heading or content area,mapping_only,ocr_extracted_needs_review,blocked_needs_visual_review
3,1,book-vocabulary-in-reading,Vocabulary in Reading,multiple / mapped,022.png | 023.png | 024.png | 025.png | 027.png | 028.png | 029.png | 030.png,grade3-source/original/022.webp | grade3-source/original/023.webp | grade3-source/original/024.webp | grade3-source/original/025.webp | grade3-source/original/027.webp | grade3-source/original/028.webp | grade3-source/original/029.webp | grade3-source/original/030.webp,full_page_capture; section heading or content area,mapping_only,ocr_extracted_needs_review,blocked_needs_visual_review
3,1,book-grammar-1,Grammar 1,multiple / mapped,026.png | 027.png,grade3-source/original/026.webp | grade3-source/original/027.webp,full_page_capture; section heading or content area,interactive_bookExercise,ocr_extracted_needs_review,active
3,1,book-grammar-practice-1,Grammar Practice 1,multiple / mapped,026.png,grade3-source/original/026.webp,full_page_capture; section heading or content area,mapping_only,ocr_extracted_needs_review,blocked_needs_visual_review
3,1,book-listening,Listening,multiple / mapped,026.png,grade3-source/original/026.webp,full_page_capture; section heading or content area,mapping_only,ocr_extracted_needs_review,blocked_needs_visual_review
3,1,book-speaking-communication,Speaking/Communication,multiple / mapped,026.png | 030.png | 031.png,grade3-source/original/026.webp | grade3-source/original/030.webp | grade3-source/original/031.webp,full_page_capture; section heading or content area,interactive_bookExercise,ocr_extracted_needs_review,active
3,1,book-vocabulary-2,Vocabulary 2,multiple / mapped,027.png | 028.png,grade3-source/original/027.webp | grade3-source/original/028.webp,full_page_capture; section heading or content area,interactive_bookExercise,verified_from_image,active
3,1,book-reading-2,Reading 2,multiple / mapped,027.png | 028.png | 029.png | 030.png,grade3-source/original/027.webp | grade3-source/original/028.webp | grade3-source/original/029.webp | grade3-source/original/030.webp,full_page_capture; section heading or content area,mapping_only,ocr_extracted_needs_review,blocked_needs_visual_review
3,1,book-pronunciation,Pronunciation,multiple / mapped,028.png,grade3-source/original/028.webp,full_page_capture; section heading or content area,mapping_only,ocr_extracted_needs_review,blocked_needs_visual_review
3,1,book-grammar-2,Grammar 2,multiple / mapped,030.png | 031.png | 032.png,grade3-source/original/030.webp | grade3-source/original/031.webp | grade3-source/original/032.webp,full_page_capture; section heading or content area,mapping_only,ocr_extracted_needs_review,blocked_needs_visual_review
3,1,book-grammar-practice-2,Grammar Practice 2,multiple / mapped,031.png,grade3-source/original/031.webp,full_page_capture; section heading or content area,mapping_only,ocr_extracted_needs_review,blocked_needs_visual_review
3,1,book-writing,Writing,multiple / mapped,032.png | 033.png,grade3-source/original/032.webp | grade3-source/original/033.webp,full_page_capture; section heading or content area,interactive_bookExercise,ocr_extracted_needs_review,active
3,1,book-project,Project,multiple / mapped,032.png | 033.png,grade3-source/original/032.webp | grade3-source/original/033.webp,full_page_capture; section heading or content area,mapping_only,ocr_extracted_needs_review,blocked_needs_visual_review
3,1,book-review-unit-check,Review/Unit Check,multiple / mapped,032.png | 033.png,grade3-source/original/032.webp | grade3-source/original/033.webp,full_page_capture; section heading or content area,mapping_only,ocr_extracted_needs_review,blocked_needs_visual_review
3,1,book-writing-skill,Writing Skill,multiple / mapped,033.png,grade3-source/original/033.webp,full_page_capture; section heading or content area,mapping_only,ocr_extracted_needs_review,blocked_needs_visual_review
3,1,sourcebook,Khác,multiple / mapped,020.png | 021.png | 022.png | 023.png | 024.png | 025.png | 026.png | 027.png | 028.png | 029.png | 030.png | 031.png | 032.png | 033.png,grade3-source/original/020.webp | grade3-source/original/021.webp | grade3-source/original/022.webp | grade3-source/original/023.webp | grade3-source/original/024.webp | grade3-source/original/025.webp | grade3-source/original/026.webp | grade3-source/original/027.webp | grade3-source/original/028.webp | grade3-source/original/029.webp | grade3-source/original/030.webp | grade3-source/original/031.webp | grade3-source/original/032.webp | grade3-source/original/033.webp,full_page_capture,mapping_only,verified_from_image,mapped_not_yet_interactive
3,2,book-big-question,Big Question,multiple / mapped,034.png,grade3-source/original/034.webp,full_page_capture; section heading or content area,mapping_only,verified_from_image,mapped_not_yet_interactive
3,2,book-clil-content,CLIL/Content,multiple / mapped,034.png | 035.png | 039.png,grade3-source/original/034.webp | grade3-source/original/035.webp | grade3-source/original/039.webp,full_page_capture; section heading or content area,mapping_only,ocr_extracted_needs_review,blocked_needs_visual_review
3,2,book-vocabulary-1,Vocabulary 1,multiple / mapped,035.png | 036.png,grade3-source/original/035.webp | grade3-source/original/036.webp,full_page_capture; section heading or content area,interactive_bookExercise,verified_from_image,active
3,2,book-reading-1,Reading 1,multiple / mapped,036.png | 037.png | 038.png | 039.png,grade3-source/original/036.webp | grade3-source/original/037.webp | grade3-source/original/038.webp | grade3-source/original/039.webp,full_page_capture; section heading or content area,mapping_only,ocr_extracted_needs_review,blocked_needs_visual_review
3,2,book-vocabulary-in-reading,Vocabulary in Reading,multiple / mapped,036.png | 037.png | 038.png | 039.png | 041.png | 042.png | 043.png | 044.png,grade3-source/original/036.webp | grade3-source/original/037.webp | grade3-source/original/038.webp | grade3-source/original/039.webp | grade3-source/original/041.webp | grade3-source/original/042.webp | grade3-source/original/043.webp | grade3-source/original/044.webp,full_page_capture; section heading or content area,mapping_only,ocr_extracted_needs_review,blocked_needs_visual_review
3,2,book-reading-skill,Reading Skill,multiple / mapped,038.png | 044.png,grade3-source/original/038.webp | grade3-source/original/044.webp,full_page_capture; section heading or content area,mapping_only,ocr_extracted_needs_review,blocked_needs_visual_review
3,2,book-grammar-1,Grammar 1,multiple / mapped,040.png | 041.png,grade3-source/original/040.webp | grade3-source/original/041.webp,full_page_capture; section heading or content area,mapping_only,ocr_extracted_needs_review,blocked_needs_visual_review
3,2,book-grammar-practice-1,Grammar Practice 1,multiple / mapped,040.png,grade3-source/original/040.webp,full_page_capture; section heading or content area,mapping_only,ocr_extracted_needs_review,blocked_needs_visual_review
3,2,book-listening,Listening,multiple / mapped,040.png | 041.png | 042.png,grade3-source/original/040.webp | grade3-source/original/041.webp | grade3-source/original/042.webp,full_page_capture; section heading or content area,mapping_only,ocr_extracted_needs_review,blocked_needs_visual_review
3,2,book-speaking-communication,Speaking/Communication,multiple / mapped,040.png | 042.png | 045.png | 046.png | 047.png,grade3-source/original/040.webp | grade3-source/original/042.webp | grade3-source/original/045.webp | grade3-source/original/046.webp | grade3-source/original/047.webp,full_page_capture; section heading or content area,mapping_only,ocr_extracted_needs_review,blocked_needs_visual_review
3,2,book-vocabulary-2,Vocabulary 2,multiple / mapped,041.png | 042.png,grade3-source/original/041.webp | grade3-source/original/042.webp,full_page_capture; section heading or content area,interactive_bookExercise,verified_from_image,active
3,2,book-reading-2,Reading 2,multiple / mapped,041.png | 042.png | 043.png | 044.png,grade3-source/original/041.webp | grade3-source/original/042.webp | grade3-source/original/043.webp | grade3-source/original/044.webp,full_page_capture; section heading or content area,mapping_only,ocr_extracted_needs_review,blocked_needs_visual_review
3,2,book-pronunciation,Pronunciation,multiple / mapped,042.png,grade3-source/original/042.webp,full_page_capture; section heading or content area,mapping_only,ocr_extracted_needs_review,blocked_needs_visual_review
3,2,book-grammar-2,Grammar 2,multiple / mapped,044.png | 045.png | 046.png,grade3-source/original/044.webp | grade3-source/original/045.webp | grade3-source/original/046.webp,full_page_capture; section heading or content area,mapping_only,ocr_extracted_needs_review,blocked_needs_visual_review
3,2,book-grammar-practice-2,Grammar Practice 2,multiple / mapped,045.png,grade3-source/original/045.webp,full_page_capture; section heading or content area,mapping_only,ocr_extracted_needs_review,blocked_needs_visual_review
3,2,book-writing,Writing,multiple / mapped,046.png | 047.png | 048.png,grade3-source/original/046.webp | grade3-source/original/047.webp | grade3-source/original/048.webp,full_page_capture; section heading or content area,mapping_only,ocr_extracted_needs_review,blocked_needs_visual_review
3,2,book-writing-skill,Writing Skill,multiple / mapped,047.png,grade3-source/original/047.webp,full_page_capture; section heading or content area,mapping_only,ocr_extracted_needs_review,blocked_needs_visual_review
3,2,book-project,Project,multiple / mapped,047.png,grade3-source/original/047.webp,full_page_capture; section heading or content area,mapping_only,ocr_extracted_needs_review,blocked_needs_visual_review
3,2,book-review-unit-check,Review/Unit Check,multiple / mapped,047.png,grade3-source/original/047.webp,full_page_capture; section heading or content area,mapping_only,ocr_extracted_needs_review,blocked_needs_visual_review
3,2,sourcebook,Khác,multiple / mapped,034.png | 035.png | 036.png | 037.png | 038.png | 039.png | 040.png | 041.png | 042.png | 043.png | 044.png | 045.png | 046.png | 047.png | 048.png,grade3-source/original/034.webp | grade3-source/original/035.webp | grade3-source/original/036.webp | grade3-source/original/037.webp | grade3-source/original/038.webp | grade3-source/original/039.webp | grade3-source/original/040.webp | grade3-source/original/041.webp | grade3-source/original/042.webp | grade3-source/original/043.webp | grade3-source/original/044.webp | grade3-source/original/045.webp | grade3-source/original/046.webp | grade3-source/original/047.webp | grade3-source/original/048.webp,full_page_capture,mapping_only,verified_from_image,mapped_not_yet_interactive
3,3,book-big-question,Big Question,multiple / mapped,049.png,grade3-source/original/049.webp,full_page_capture; section heading or content area,mapping_only,verified_from_image,mapped_not_yet_interactive
3,3,book-clil-content,CLIL/Content,multiple / mapped,049.png | 054.png,grade3-source/original/049.webp | grade3-source/original/054.webp,full_page_capture; section heading or content area,mapping_only,ocr_extracted_needs_review,blocked_needs_visual_review
3,3,book-vocabulary-1,Vocabulary 1,multiple / mapped,050.png | 051.png,grade3-source/original/050.webp | grade3-source/original/051.webp,full_page_capture; section heading or content area,interactive_bookExercise,verified_from_image,active
3,3,book-reading-1,Reading 1,multiple / mapped,051.png | 052.png | 053.png | 054.png,grade3-source/original/051.webp | grade3-source/original/052.webp | grade3-source/original/053.webp | grade3-source/original/054.webp,full_page_capture; section heading or content area,mapping_only,ocr_extracted_needs_review,blocked_needs_visual_review
3,3,book-vocabulary-in-reading,Vocabulary in Reading,multiple / mapped,051.png | 052.png | 053.png | 054.png | 056.png | 057.png | 058.png | 059.png,grade3-source/original/051.webp | grade3-source/original/052.webp | grade3-source/original/053.webp | grade3-source/original/054.webp | grade3-source/original/056.webp | grade3-source/original/057.webp | grade3-source/original/058.webp | grade3-source/original/059.webp,full_page_capture; section heading or content area,mapping_only,ocr_extracted_needs_review,blocked_needs_visual_review
3,3,book-reading-skill,Reading Skill,multiple / mapped,053.png | 059.png,grade3-source/original/053.webp | grade3-source/original/059.webp,full_page_capture; section heading or content area,mapping_only,ocr_extracted_needs_review,blocked_needs_visual_review
3,3,book-listening,Listening,multiple / mapped,054.png | 055.png | 056.png,grade3-source/original/054.webp | grade3-source/original/055.webp | grade3-source/original/056.webp,full_page_capture; section heading or content area,mapping_only,ocr_extracted_needs_review,blocked_needs_visual_review
3,3,book-grammar-1,Grammar 1,multiple / mapped,055.png | 056.png,grade3-source/original/055.webp | grade3-source/original/056.webp,full_page_capture; section heading or content area,mapping_only,ocr_extracted_needs_review,blocked_needs_visual_review
3,3,book-grammar-practice-1,Grammar Practice 1,multiple / mapped,055.png,grade3-source/original/055.webp,full_page_capture; section heading or content area,mapping_only,ocr_extracted_needs_review,blocked_needs_visual_review
3,3,book-speaking-communication,Speaking/Communication,multiple / mapped,055.png | 060.png | 062.png,grade3-source/original/055.webp | grade3-source/original/060.webp | grade3-source/original/062.webp,full_page_capture; section heading or content area,mapping_only,ocr_extracted_needs_review,blocked_needs_visual_review
3,3,book-vocabulary-2,Vocabulary 2,multiple / mapped,055.png | 056.png | 057.png,grade3-source/original/055.webp | grade3-source/original/056.webp | grade3-source/original/057.webp,full_page_capture; section heading or content area,interactive_bookExercise,verified_from_image,active
3,3,book-reading-2,Reading 2,multiple / mapped,056.png | 057.png | 058.png | 059.png,grade3-source/original/056.webp | grade3-source/original/057.webp | grade3-source/original/058.webp | grade3-source/original/059.webp,full_page_capture; section heading or content area,mapping_only,ocr_extracted_needs_review,blocked_needs_visual_review
3,3,book-pronunciation,Pronunciation,multiple / mapped,057.png,grade3-source/original/057.webp,full_page_capture; section heading or content area,mapping_only,ocr_extracted_needs_review,blocked_needs_visual_review
3,3,book-grammar-2,Grammar 2,multiple / mapped,059.png | 060.png | 061.png,grade3-source/original/059.webp | grade3-source/original/060.webp | grade3-source/original/061.webp,full_page_capture; section heading or content area,mapping_only,ocr_extracted_needs_review,blocked_needs_visual_review
3,3,book-grammar-practice-2,Grammar Practice 2,multiple / mapped,060.png,grade3-source/original/060.webp,full_page_capture; section heading or content area,mapping_only,ocr_extracted_needs_review,blocked_needs_visual_review
3,3,book-writing,Writing,multiple / mapped,061.png | 062.png,grade3-source/original/061.webp | grade3-source/original/062.webp,full_page_capture; section heading or content area,mapping_only,ocr_extracted_needs_review,blocked_needs_visual_review
3,3,book-project,Project,multiple / mapped,061.png | 062.png,grade3-source/original/061.webp | grade3-source/original/062.webp,full_page_capture; section heading or content area,mapping_only,ocr_extracted_needs_review,blocked_needs_visual_review
3,3,book-writing-skill,Writing Skill,multiple / mapped,062.png,grade3-source/original/062.webp,full_page_capture; section heading or content area,mapping_only,ocr_extracted_needs_review,blocked_needs_visual_review
3,3,book-review-unit-check,Review/Unit Check,multiple / mapped,062.png,grade3-source/original/062.webp,full_page_capture; section heading or content area,mapping_only,ocr_extracted_needs_review,blocked_needs_visual_review
3,3,sourcebook,Khác,multiple / mapped,049.png | 050.png | 051.png | 052.png | 053.png | 054.png | 055.png | 056.png | 057.png | 058.png | 059.png | 060.png | 061.png | 062.png,grade3-source/original/049.webp | grade3-source/original/050.webp | grade3-source/original/051.webp | grade3-source/original/052.webp | grade3-source/original/053.webp | grade3-source/original/054.webp | grade3-source/original/055.webp | grade3-source/original/056.webp | grade3-source/original/057.webp | grade3-source/original/058.webp | grade3-source/original/059.webp | grade3-source/original/060.webp | grade3-source/original/061.webp | grade3-source/original/062.webp,full_page_capture,mapping_only,verified_from_image,mapped_not_yet_interactive
3,4,book-big-question,Big Question,multiple / mapped,063.png,grade3-source/original/063.webp,full_page_capture; section heading or content area,mapping_only,verified_from_image,mapped_not_yet_interactive
3,4,book-clil-content,CLIL/Content,multiple / mapped,063.png | 064.png | 068.png | 076.png | 077.png,grade3-source/original/063.webp | grade3-source/original/064.webp | grade3-source/original/068.webp | grade3-source/original/076.webp | grade3-source/original/077.webp,full_page_capture; section heading or content area,mapping_only,ocr_extracted_needs_review,blocked_needs_visual_review
3,4,book-vocabulary-1,Vocabulary 1,multiple / mapped,064.png | 065.png,grade3-source/original/064.webp | grade3-source/original/065.webp,full_page_capture; section heading or content area,interactive_bookExercise,verified_from_image,active
3,4,book-reading-1,Reading 1,multiple / mapped,065.png | 066.png | 067.png | 068.png,grade3-source/original/065.webp | grade3-source/original/066.webp | grade3-source/original/067.webp | grade3-source/original/068.webp,full_page_capture; section heading or content area,mapping_only,ocr_extracted_needs_review,blocked_needs_visual_review
3,4,book-vocabulary-in-reading,Vocabulary in Reading,multiple / mapped,065.png | 066.png | 067.png | 068.png | 070.png | 071.png | 072.png | 073.png,grade3-source/original/065.webp | grade3-source/original/066.webp | grade3-source/original/067.webp | grade3-source/original/068.webp | grade3-source/original/070.webp | grade3-source/original/071.webp | grade3-source/original/072.webp | grade3-source/original/073.webp,full_page_capture; section heading or content area,mapping_only,ocr_extracted_needs_review,blocked_needs_visual_review
3,4,book-reading-skill,Reading Skill,multiple / mapped,067.png | 073.png,grade3-source/original/067.webp | grade3-source/original/073.webp,full_page_capture; section heading or content area,mapping_only,ocr_extracted_needs_review,blocked_needs_visual_review
3,4,book-listening,Listening,multiple / mapped,068.png | 069.png | 070.png,grade3-source/original/068.webp | grade3-source/original/069.webp | grade3-source/original/070.webp,full_page_capture; section heading or content area,mapping_only,ocr_extracted_needs_review,blocked_needs_visual_review
3,4,book-speaking-communication,Speaking/Communication,multiple / mapped,068.png | 069.png | 074.png,grade3-source/original/068.webp | grade3-source/original/069.webp | grade3-source/original/074.webp,full_page_capture; section heading or content area,mapping_only,ocr_extracted_needs_review,blocked_needs_visual_review
3,4,book-grammar-1,Grammar 1,multiple / mapped,069.png | 070.png,grade3-source/original/069.webp | grade3-source/original/070.webp,full_page_capture; section heading or content area,mapping_only,ocr_extracted_needs_review,blocked_needs_visual_review
3,4,book-grammar-practice-1,Grammar Practice 1,multiple / mapped,069.png,grade3-source/original/069.webp,full_page_capture; section heading or content area,mapping_only,ocr_extracted_needs_review,blocked_needs_visual_review
3,4,book-vocabulary-2,Vocabulary 2,multiple / mapped,070.png | 071.png,grade3-source/original/070.webp | grade3-source/original/071.webp,full_page_capture; section heading or content area,interactive_bookExercise,verified_from_image,active
3,4,book-reading-2,Reading 2,multiple / mapped,070.png | 071.png | 072.png | 073.png,grade3-source/original/070.webp | grade3-source/original/071.webp | grade3-source/original/072.webp | grade3-source/original/073.webp,full_page_capture; section heading or content area,mapping_only,ocr_extracted_needs_review,blocked_needs_visual_review
3,4,book-pronunciation,Pronunciation,multiple / mapped,071.png,grade3-source/original/071.webp,full_page_capture; section heading or content area,mapping_only,ocr_extracted_needs_review,blocked_needs_visual_review
3,4,book-grammar-2,Grammar 2,multiple / mapped,073.png | 074.png | 075.png,grade3-source/original/073.webp | grade3-source/original/074.webp | grade3-source/original/075.webp,full_page_capture; section heading or content area,mapping_only,ocr_extracted_needs_review,blocked_needs_visual_review
3,4,book-grammar-practice-2,Grammar Practice 2,multiple / mapped,074.png,grade3-source/original/074.webp,full_page_capture; section heading or content area,mapping_only,ocr_extracted_needs_review,blocked_needs_visual_review
3,4,book-writing,Writing,multiple / mapped,075.png | 076.png | 077.png,grade3-source/original/075.webp | grade3-source/original/076.webp | grade3-source/original/077.webp,full_page_capture; section heading or content area,mapping_only,ocr_extracted_needs_review,blocked_needs_visual_review
3,4,book-writing-skill,Writing Skill,multiple / mapped,076.png,grade3-source/original/076.webp,full_page_capture; section heading or content area,mapping_only,ocr_extracted_needs_review,blocked_needs_visual_review
3,4,book-project,Project,multiple / mapped,076.png,grade3-source/original/076.webp,full_page_capture; section heading or content area,mapping_only,ocr_extracted_needs_review,blocked_needs_visual_review
3,4,book-review-unit-check,Review/Unit Check,multiple / mapped,076.png,grade3-source/original/076.webp,full_page_capture; section heading or content area,mapping_only,ocr_extracted_needs_review,blocked_needs_visual_review
3,4,sourcebook,Khác,multiple / mapped,063.png | 064.png | 065.png | 066.png | 067.png | 068.png | 069.png | 070.png | 071.png | 072.png | 073.png | 074.png | 075.png | 076.png | 077.png,grade3-source/original/063.webp | grade3-source/original/064.webp | grade3-source/original/065.webp | grade3-source/original/066.webp | grade3-source/original/067.webp | grade3-source/original/068.webp | grade3-source/original/069.webp | grade3-source/original/070.webp | grade3-source/original/071.webp | grade3-source/original/072.webp | grade3-source/original/073.webp | grade3-source/original/074.webp | grade3-source/original/075.webp | grade3-source/original/076.webp | grade3-source/original/077.webp,full_page_capture,mapping_only,verified_from_image,mapped_not_yet_interactive
3,5,book-big-question,Big Question,multiple / mapped,078.png,grade3-source/original/078.webp,full_page_capture; section heading or content area,mapping_only,verified_from_image,mapped_not_yet_interactive
3,5,book-clil-content,CLIL/Content,multiple / mapped,078.png | 083.png,grade3-source/original/078.webp | grade3-source/original/083.webp,full_page_capture; section heading or content area,mapping_only,ocr_extracted_needs_review,blocked_needs_visual_review
3,5,book-vocabulary-1,Vocabulary 1,multiple / mapped,079.png | 080.png,grade3-source/original/079.webp | grade3-source/original/080.webp,full_page_capture; section heading or content area,interactive_bookExercise,verified_from_image,active
3,5,book-reading-1,Reading 1,multiple / mapped,080.png | 081.png | 082.png | 083.png,grade3-source/original/080.webp | grade3-source/original/081.webp | grade3-source/original/082.webp | grade3-source/original/083.webp,full_page_capture; section heading or content area,mapping_only,ocr_extracted_needs_review,blocked_needs_visual_review
3,5,book-vocabulary-in-reading,Vocabulary in Reading,multiple / mapped,080.png | 081.png | 082.png | 083.png | 084.png | 085.png | 086.png | 087.png | 088.png,grade3-source/original/080.webp | grade3-source/original/081.webp | grade3-source/original/082.webp | grade3-source/original/083.webp | grade3-source/original/084.webp | grade3-source/original/085.webp | grade3-source/original/086.webp | grade3-source/original/087.webp | grade3-source/original/088.webp,full_page_capture; section heading or content area,mapping_only,ocr_extracted_needs_review,blocked_needs_visual_review
3,5,book-reading-skill,Reading Skill,multiple / mapped,082.png | 088.png,grade3-source/original/082.webp | grade3-source/original/088.webp,full_page_capture; section heading or content area,mapping_only,ocr_extracted_needs_review,blocked_needs_visual_review
3,5,book-grammar-1,Grammar 1,multiple / mapped,083.png | 084.png | 085.png,grade3-source/original/083.webp | grade3-source/original/084.webp | grade3-source/original/085.webp,full_page_capture; section heading or content area,mapping_only,ocr_extracted_needs_review,blocked_needs_visual_review
3,5,book-listening,Listening,multiple / mapped,083.png | 084.png | 085.png,grade3-source/original/083.webp | grade3-source/original/084.webp | grade3-source/original/085.webp,full_page_capture; section heading or content area,mapping_only,ocr_extracted_needs_review,blocked_needs_visual_review
3,5,book-speaking-communication,Speaking/Communication,multiple / mapped,083.png | 084.png | 089.png,grade3-source/original/083.webp | grade3-source/original/084.webp | grade3-source/original/089.webp,full_page_capture; section heading or content area,mapping_only,ocr_extracted_needs_review,blocked_needs_visual_review
3,5,book-grammar-practice-1,Grammar Practice 1,multiple / mapped,084.png,grade3-source/original/084.webp,full_page_capture; section heading or content area,mapping_only,ocr_extracted_needs_review,blocked_needs_visual_review
3,5,book-reading-2,Reading 2,multiple / mapped,084.png | 085.png | 086.png | 087.png | 088.png,grade3-source/original/084.webp | grade3-source/original/085.webp | grade3-source/original/086.webp | grade3-source/original/087.webp | grade3-source/original/088.webp,full_page_capture; section heading or content area,mapping_only,ocr_extracted_needs_review,blocked_needs_visual_review
3,5,book-vocabulary-2,Vocabulary 2,multiple / mapped,085.png | 086.png,grade3-source/original/085.webp | grade3-source/original/086.webp,full_page_capture; section heading or content area,interactive_bookExercise,verified_from_image,active
3,5,book-pronunciation,Pronunciation,multiple / mapped,086.png,grade3-source/original/086.webp,full_page_capture; section heading or content area,mapping_only,ocr_extracted_needs_review,blocked_needs_visual_review
3,5,book-grammar-2,Grammar 2,multiple / mapped,088.png | 089.png | 090.png,grade3-source/original/088.webp | grade3-source/original/089.webp | grade3-source/original/090.webp,full_page_capture; section heading or content area,mapping_only,ocr_extracted_needs_review,blocked_needs_visual_review
3,5,book-grammar-practice-2,Grammar Practice 2,multiple / mapped,089.png,grade3-source/original/089.webp,full_page_capture; section heading or content area,mapping_only,ocr_extracted_needs_review,blocked_needs_visual_review
3,5,book-writing,Writing,multiple / mapped,090.png | 091.png,grade3-source/original/090.webp | grade3-source/original/091.webp,full_page_capture; section heading or content area,mapping_only,ocr_extracted_needs_review,blocked_needs_visual_review
3,5,book-project,Project,multiple / mapped,090.png | 091.png,grade3-source/original/090.webp | grade3-source/original/091.webp,full_page_capture; section heading or content area,mapping_only,ocr_extracted_needs_review,blocked_needs_visual_review
3,5,book-writing-skill,Writing Skill,multiple / mapped,091.png,grade3-source/original/091.webp,full_page_capture; section heading or content area,mapping_only,ocr_extracted_needs_review,blocked_needs_visual_review
3,5,book-review-unit-check,Review/Unit Check,multiple / mapped,091.png,grade3-source/original/091.webp,full_page_capture; section heading or content area,mapping_only,ocr_extracted_needs_review,blocked_needs_visual_review
3,5,sourcebook,Khác,multiple / mapped,078.png | 079.png | 080.png | 081.png | 082.png | 083.png | 084.png | 085.png | 086.png | 087.png | 088.png | 089.png | 090.png | 091.png,grade3-source/original/078.webp | grade3-source/original/079.webp | grade3-source/original/080.webp | grade3-source/original/081.webp | grade3-source/original/082.webp | grade3-source/original/083.webp | grade3-source/original/084.webp | grade3-source/original/085.webp | grade3-source/original/086.webp | grade3-source/original/087.webp | grade3-source/original/088.webp | grade3-source/original/089.webp | grade3-source/original/090.webp | grade3-source/original/091.webp,full_page_capture,mapping_only,verified_from_image,mapped_not_yet_interactive
3,6,book-big-question,Big Question,multiple / mapped,092.png,grade3-source/original/092.webp,full_page_capture; section heading or content area,mapping_only,verified_from_image,mapped_not_yet_interactive
3,6,book-clil-content,CLIL/Content,multiple / mapped,092.png | 097.png,grade3-source/original/092.webp | grade3-source/original/097.webp,full_page_capture; section heading or content area,mapping_only,ocr_extracted_needs_review,blocked_needs_visual_review
3,6,book-vocabulary-1,Vocabulary 1,multiple / mapped,093.png | 094.png,grade3-source/original/093.webp | grade3-source/original/094.webp,full_page_capture; section heading or content area,interactive_bookExercise,verified_from_image,active
3,6,book-reading-1,Reading 1,multiple / mapped,094.png | 095.png | 096.png | 097.png,grade3-source/original/094.webp | grade3-source/original/095.webp | grade3-source/original/096.webp | grade3-source/original/097.webp,full_page_capture; section heading or content area,interactive_bookExercise,ocr_extracted_needs_review,active
3,6,book-vocabulary-in-reading,Vocabulary in Reading,multiple / mapped,094.png | 095.png | 096.png | 097.png | 099.png | 100.png | 101.png | 102.png,grade3-source/original/094.webp | grade3-source/original/095.webp | grade3-source/original/096.webp | grade3-source/original/097.webp | grade3-source/original/099.webp | grade3-source/original/100.webp | grade3-source/original/101.webp | grade3-source/original/102.webp,full_page_capture; section heading or content area,mapping_only,ocr_extracted_needs_review,blocked_needs_visual_review
3,6,book-reading-skill,Reading Skill,multiple / mapped,096.png | 102.png,grade3-source/original/096.webp | grade3-source/original/102.webp,full_page_capture; section heading or content area,mapping_only,ocr_extracted_needs_review,blocked_needs_visual_review
3,6,book-listening,Listening,multiple / mapped,097.png | 098.png | 099.png,grade3-source/original/097.webp | grade3-source/original/098.webp | grade3-source/original/099.webp,full_page_capture; section heading or content area,mapping_only,ocr_extracted_needs_review,blocked_needs_visual_review
3,6,book-grammar-1,Grammar 1,multiple / mapped,098.png | 099.png,grade3-source/original/098.webp | grade3-source/original/099.webp,full_page_capture; section heading or content area,interactive_bookExercise,ocr_extracted_needs_review,active
3,6,book-grammar-practice-1,Grammar Practice 1,multiple / mapped,098.png,grade3-source/original/098.webp,full_page_capture; section heading or content area,mapping_only,ocr_extracted_needs_review,blocked_needs_visual_review
3,6,book-speaking-communication,Speaking/Communication,multiple / mapped,098.png | 099.png | 103.png,grade3-source/original/098.webp | grade3-source/original/099.webp | grade3-source/original/103.webp,full_page_capture; section heading or content area,interactive_bookExercise,ocr_extracted_needs_review,active
3,6,book-vocabulary-2,Vocabulary 2,multiple / mapped,098.png | 099.png | 100.png,grade3-source/original/098.webp | grade3-source/original/099.webp | grade3-source/original/100.webp,full_page_capture; section heading or content area,interactive_bookExercise,verified_from_image,active
3,6,book-reading-2,Reading 2,multiple / mapped,099.png | 100.png | 101.png | 102.png,grade3-source/original/099.webp | grade3-source/original/100.webp | grade3-source/original/101.webp | grade3-source/original/102.webp,full_page_capture; section heading or content area,mapping_only,ocr_extracted_needs_review,blocked_needs_visual_review
3,6,book-pronunciation,Pronunciation,multiple / mapped,100.png,grade3-source/original/100.webp,full_page_capture; section heading or content area,mapping_only,ocr_extracted_needs_review,blocked_needs_visual_review
3,6,book-grammar-2,Grammar 2,multiple / mapped,102.png | 103.png | 104.png,grade3-source/original/102.webp | grade3-source/original/103.webp | grade3-source/original/104.webp,full_page_capture; section heading or content area,mapping_only,ocr_extracted_needs_review,blocked_needs_visual_review
3,6,book-grammar-practice-2,Grammar Practice 2,multiple / mapped,103.png,grade3-source/original/103.webp,full_page_capture; section heading or content area,mapping_only,ocr_extracted_needs_review,blocked_needs_visual_review
3,6,book-writing,Writing,multiple / mapped,104.png | 105.png,grade3-source/original/104.webp | grade3-source/original/105.webp,full_page_capture; section heading or content area,interactive_bookExercise,ocr_extracted_needs_review,active
3,6,book-project,Project,multiple / mapped,104.png | 105.png,grade3-source/original/104.webp | grade3-source/original/105.webp,full_page_capture; section heading or content area,mapping_only,ocr_extracted_needs_review,blocked_needs_visual_review
3,6,book-writing-skill,Writing Skill,multiple / mapped,105.png,grade3-source/original/105.webp,full_page_capture; section heading or content area,mapping_only,ocr_extracted_needs_review,blocked_needs_visual_review
3,6,book-review-unit-check,Review/Unit Check,multiple / mapped,105.png,grade3-source/original/105.webp,full_page_capture; section heading or content area,mapping_only,ocr_extracted_needs_review,blocked_needs_visual_review
3,6,sourcebook,Khác,multiple / mapped,092.png | 093.png | 094.png | 095.png | 096.png | 097.png | 098.png | 099.png | 100.png | 101.png | 102.png | 103.png | 104.png | 105.png,grade3-source/original/092.webp | grade3-source/original/093.webp | grade3-source/original/094.webp | grade3-source/original/095.webp | grade3-source/original/096.webp | grade3-source/original/097.webp | grade3-source/original/098.webp | grade3-source/original/099.webp | grade3-source/original/100.webp | grade3-source/original/101.webp | grade3-source/original/102.webp | grade3-source/original/103.webp | grade3-source/original/104.webp | grade3-source/original/105.webp,full_page_capture,mapping_only,verified_from_image,mapped_not_yet_interactive
3,7,book-big-question,Big Question,multiple / mapped,106.png,grade3-source/original/106.webp,full_page_capture; section heading or content area,mapping_only,verified_from_image,mapped_not_yet_interactive
3,7,book-clil-content,CLIL/Content,multiple / mapped,106.png | 107.png | 111.png,grade3-source/original/106.webp | grade3-source/original/107.webp | grade3-source/original/111.webp,full_page_capture; section heading or content area,mapping_only,ocr_extracted_needs_review,blocked_needs_visual_review
3,7,book-vocabulary-1,Vocabulary 1,multiple / mapped,107.png | 108.png,grade3-source/original/107.webp | grade3-source/original/108.webp,full_page_capture; section heading or content area,interactive_bookExercise,verified_from_image,active
3,7,book-reading-1,Reading 1,multiple / mapped,108.png | 109.png | 110.png | 111.png,grade3-source/original/108.webp | grade3-source/original/109.webp | grade3-source/original/110.webp | grade3-source/original/111.webp,full_page_capture; section heading or content area,mapping_only,ocr_extracted_needs_review,blocked_needs_visual_review
3,7,book-vocabulary-in-reading,Vocabulary in Reading,multiple / mapped,108.png | 109.png | 110.png | 111.png | 113.png | 114.png | 115.png | 116.png,grade3-source/original/108.webp | grade3-source/original/109.webp | grade3-source/original/110.webp | grade3-source/original/111.webp | grade3-source/original/113.webp | grade3-source/original/114.webp | grade3-source/original/115.webp | grade3-source/original/116.webp,full_page_capture; section heading or content area,mapping_only,ocr_extracted_needs_review,blocked_needs_visual_review
3,7,book-reading-skill,Reading Skill,multiple / mapped,110.png | 116.png,grade3-source/original/110.webp | grade3-source/original/116.webp,full_page_capture; section heading or content area,mapping_only,ocr_extracted_needs_review,blocked_needs_visual_review
3,7,book-listening,Listening,multiple / mapped,110.png | 111.png | 112.png | 113.png | 114.png,grade3-source/original/110.webp | grade3-source/original/111.webp | grade3-source/original/112.webp | grade3-source/original/113.webp | grade3-source/original/114.webp,full_page_capture; section heading or content area,mapping_only,ocr_extracted_needs_review,blocked_needs_visual_review
3,7,book-grammar-1,Grammar 1,multiple / mapped,112.png | 113.png,grade3-source/original/112.webp | grade3-source/original/113.webp,full_page_capture; section heading or content area,mapping_only,ocr_extracted_needs_review,blocked_needs_visual_review
3,7,book-grammar-practice-1,Grammar Practice 1,multiple / mapped,112.png,grade3-source/original/112.webp,full_page_capture; section heading or content area,mapping_only,ocr_extracted_needs_review,blocked_needs_visual_review
3,7,book-speaking-communication,Speaking/Communication,multiple / mapped,112.png | 116.png | 117.png | 118.png,grade3-source/original/112.webp | grade3-source/original/116.webp | grade3-source/original/117.webp | grade3-source/original/118.webp,full_page_capture; section heading or content area,mapping_only,ocr_extracted_needs_review,blocked_needs_visual_review
3,7,book-vocabulary-2,Vocabulary 2,multiple / mapped,113.png | 114.png,grade3-source/original/113.webp | grade3-source/original/114.webp,full_page_capture; section heading or content area,interactive_bookExercise,verified_from_image,active
3,7,book-reading-2,Reading 2,multiple / mapped,113.png | 114.png | 115.png | 116.png,grade3-source/original/113.webp | grade3-source/original/114.webp | grade3-source/original/115.webp | grade3-source/original/116.webp,full_page_capture; section heading or content area,mapping_only,ocr_extracted_needs_review,blocked_needs_visual_review
3,7,book-pronunciation,Pronunciation,multiple / mapped,114.png,grade3-source/original/114.webp,full_page_capture; section heading or content area,mapping_only,ocr_extracted_needs_review,blocked_needs_visual_review
3,7,book-grammar-2,Grammar 2,multiple / mapped,116.png | 117.png | 118.png,grade3-source/original/116.webp | grade3-source/original/117.webp | grade3-source/original/118.webp,full_page_capture; section heading or content area,mapping_only,ocr_extracted_needs_review,blocked_needs_visual_review
3,7,book-grammar-practice-2,Grammar Practice 2,multiple / mapped,117.png,grade3-source/original/117.webp,full_page_capture; section heading or content area,mapping_only,ocr_extracted_needs_review,blocked_needs_visual_review
3,7,book-writing,Writing,multiple / mapped,118.png | 119.png,grade3-source/original/118.webp | grade3-source/original/119.webp,full_page_capture; section heading or content area,mapping_only,ocr_extracted_needs_review,blocked_needs_visual_review
3,7,book-project,Project,multiple / mapped,118.png | 119.png,grade3-source/original/118.webp | grade3-source/original/119.webp,full_page_capture; section heading or content area,mapping_only,ocr_extracted_needs_review,blocked_needs_visual_review
3,7,book-writing-skill,Writing Skill,multiple / mapped,119.png,grade3-source/original/119.webp,full_page_capture; section heading or content area,mapping_only,ocr_extracted_needs_review,blocked_needs_visual_review
3,7,book-review-unit-check,Review/Unit Check,multiple / mapped,119.png,grade3-source/original/119.webp,full_page_capture; section heading or content area,mapping_only,ocr_extracted_needs_review,blocked_needs_visual_review
3,7,sourcebook,Khác,multiple / mapped,106.png | 107.png | 108.png | 109.png | 110.png | 111.png | 112.png | 113.png | 114.png | 115.png | 116.png | 117.png | 118.png | 119.png,grade3-source/original/106.webp | grade3-source/original/107.webp | grade3-source/original/108.webp | grade3-source/original/109.webp | grade3-source/original/110.webp | grade3-source/original/111.webp | grade3-source/original/112.webp | grade3-source/original/113.webp | grade3-source/original/114.webp | grade3-source/original/115.webp | grade3-source/original/116.webp | grade3-source/original/117.webp | grade3-source/original/118.webp | grade3-source/original/119.webp,full_page_capture,mapping_only,verified_from_image,mapped_not_yet_interactive
3,8,book-big-question,Big Question,multiple / mapped,120.png,grade3-source/original/120.webp,full_page_capture; section heading or content area,mapping_only,verified_from_image,mapped_not_yet_interactive
3,8,book-clil-content,CLIL/Content,multiple / mapped,120.png | 121.png | 125.png,grade3-source/original/120.webp | grade3-source/original/121.webp | grade3-source/original/125.webp,full_page_capture; section heading or content area,mapping_only,ocr_extracted_needs_review,blocked_needs_visual_review
3,8,book-vocabulary-1,Vocabulary 1,multiple / mapped,121.png | 122.png,grade3-source/original/121.webp | grade3-source/original/122.webp,full_page_capture; section heading or content area,interactive_bookExercise,verified_from_image,active
3,8,book-reading-1,Reading 1,multiple / mapped,122.png | 123.png | 124.png | 125.png,grade3-source/original/122.webp | grade3-source/original/123.webp | grade3-source/original/124.webp | grade3-source/original/125.webp,full_page_capture; section heading or content area,mapping_only,ocr_extracted_needs_review,blocked_needs_visual_review
3,8,book-vocabulary-in-reading,Vocabulary in Reading,multiple / mapped,122.png | 123.png | 124.png | 125.png | 127.png | 128.png | 129.png | 130.png,grade3-source/original/122.webp | grade3-source/original/123.webp | grade3-source/original/124.webp | grade3-source/original/125.webp | grade3-source/original/127.webp | grade3-source/original/128.webp | grade3-source/original/129.webp | grade3-source/original/130.webp,full_page_capture; section heading or content area,mapping_only,ocr_extracted_needs_review,blocked_needs_visual_review
3,8,book-reading-skill,Reading Skill,multiple / mapped,124.png | 130.png,grade3-source/original/124.webp | grade3-source/original/130.webp,full_page_capture; section heading or content area,mapping_only,ocr_extracted_needs_review,blocked_needs_visual_review
3,8,book-grammar-1,Grammar 1,multiple / mapped,126.png | 127.png,grade3-source/original/126.webp | grade3-source/original/127.webp,full_page_capture; section heading or content area,mapping_only,ocr_extracted_needs_review,blocked_needs_visual_review
3,8,book-grammar-practice-1,Grammar Practice 1,multiple / mapped,126.png,grade3-source/original/126.webp,full_page_capture; section heading or content area,mapping_only,ocr_extracted_needs_review,blocked_needs_visual_review
3,8,book-listening,Listening,multiple / mapped,126.png | 127.png,grade3-source/original/126.webp | grade3-source/original/127.webp,full_page_capture; section heading or content area,mapping_only,ocr_extracted_needs_review,blocked_needs_visual_review
3,8,book-speaking-communication,Speaking/Communication,multiple / mapped,126.png | 127.png | 130.png | 131.png | 132.png | 133.png,grade3-source/original/126.webp | grade3-source/original/127.webp | grade3-source/original/130.webp | grade3-source/original/131.webp | grade3-source/original/132.webp | grade3-source/original/133.webp,full_page_capture; section heading or content area,mapping_only,ocr_extracted_needs_review,blocked_needs_visual_review
3,8,book-vocabulary-2,Vocabulary 2,multiple / mapped,127.png | 128.png,grade3-source/original/127.webp | grade3-source/original/128.webp,full_page_capture; section heading or content area,interactive_bookExercise,verified_from_image,active
3,8,book-reading-2,Reading 2,multiple / mapped,127.png | 128.png | 129.png | 130.png,grade3-source/original/127.webp | grade3-source/original/128.webp | grade3-source/original/129.webp | grade3-source/original/130.webp,full_page_capture; section heading or content area,mapping_only,ocr_extracted_needs_review,blocked_needs_visual_review
3,8,book-pronunciation,Pronunciation,multiple / mapped,128.png,grade3-source/original/128.webp,full_page_capture; section heading or content area,mapping_only,ocr_extracted_needs_review,blocked_needs_visual_review
3,8,book-grammar-2,Grammar 2,multiple / mapped,130.png | 131.png | 132.png,grade3-source/original/130.webp | grade3-source/original/131.webp | grade3-source/original/132.webp,full_page_capture; section heading or content area,mapping_only,ocr_extracted_needs_review,blocked_needs_visual_review
3,8,book-grammar-practice-2,Grammar Practice 2,multiple / mapped,131.png,grade3-source/original/131.webp,full_page_capture; section heading or content area,mapping_only,ocr_extracted_needs_review,blocked_needs_visual_review
3,8,book-writing,Writing,multiple / mapped,132.png | 133.png | 134.png,grade3-source/original/132.webp | grade3-source/original/133.webp | grade3-source/original/134.webp,full_page_capture; section heading or content area,mapping_only,ocr_extracted_needs_review,blocked_needs_visual_review
3,8,book-writing-skill,Writing Skill,multiple / mapped,133.png | 134.png,grade3-source/original/133.webp | grade3-source/original/134.webp,full_page_capture; section heading or content area,mapping_only,ocr_extracted_needs_review,blocked_needs_visual_review
3,8,book-project,Project,multiple / mapped,133.png,grade3-source/original/133.webp,full_page_capture; section heading or content area,mapping_only,ocr_extracted_needs_review,blocked_needs_visual_review
3,8,book-review-unit-check,Review/Unit Check,multiple / mapped,133.png,grade3-source/original/133.webp,full_page_capture; section heading or content area,mapping_only,ocr_extracted_needs_review,blocked_needs_visual_review
3,8,sourcebook,Khác,multiple / mapped,120.png | 121.png | 122.png | 123.png | 124.png | 125.png | 126.png | 127.png | 128.png | 129.png | 130.png | 131.png | 132.png | 133.png | 134.png,grade3-source/original/120.webp | grade3-source/original/121.webp | grade3-source/original/122.webp | grade3-source/original/123.webp | grade3-source/original/124.webp | grade3-source/original/125.webp | grade3-source/original/126.webp | grade3-source/original/127.webp | grade3-source/original/128.webp | grade3-source/original/129.webp | grade3-source/original/130.webp | grade3-source/original/131.webp | grade3-source/original/132.webp | grade3-source/original/133.webp | grade3-source/original/134.webp,full_page_capture,mapping_only,verified_from_image,mapped_not_yet_interactive
3,9,book-big-question,Big Question,multiple / mapped,135.png,grade3-source/original/135.webp,full_page_capture; section heading or content area,mapping_only,verified_from_image,mapped_not_yet_interactive
3,9,book-clil-content,CLIL/Content,multiple / mapped,135.png | 140.png,grade3-source/original/135.webp | grade3-source/original/140.webp,full_page_capture; section heading or content area,mapping_only,ocr_extracted_needs_review,blocked_needs_visual_review
3,9,book-vocabulary-1,Vocabulary 1,multiple / mapped,136.png | 137.png,grade3-source/original/136.webp | grade3-source/original/137.webp,full_page_capture; section heading or content area,interactive_bookExercise,verified_from_image,active
3,9,book-reading-1,Reading 1,multiple / mapped,137.png | 138.png | 139.png | 140.png,grade3-source/original/137.webp | grade3-source/original/138.webp | grade3-source/original/139.webp | grade3-source/original/140.webp,full_page_capture; section heading or content area,mapping_only,ocr_extracted_needs_review,blocked_needs_visual_review
3,9,book-vocabulary-in-reading,Vocabulary in Reading,multiple / mapped,137.png | 138.png | 139.png | 140.png | 141.png | 142.png | 143.png | 144.png | 145.png,grade3-source/original/137.webp | grade3-source/original/138.webp | grade3-source/original/139.webp | grade3-source/original/140.webp | grade3-source/original/141.webp | grade3-source/original/142.webp | grade3-source/original/143.webp | grade3-source/original/144.webp | grade3-source/original/145.webp,full_page_capture; section heading or content area,mapping_only,ocr_extracted_needs_review,blocked_needs_visual_review
3,9,book-reading-skill,Reading Skill,multiple / mapped,139.png | 145.png,grade3-source/original/139.webp | grade3-source/original/145.webp,full_page_capture; section heading or content area,mapping_only,ocr_extracted_needs_review,blocked_needs_visual_review
3,9,book-speaking-communication,Speaking/Communication,multiple / mapped,140.png | 141.png | 146.png,grade3-source/original/140.webp | grade3-source/original/141.webp | grade3-source/original/146.webp,full_page_capture; section heading or content area,mapping_only,ocr_extracted_needs_review,blocked_needs_visual_review
3,9,book-grammar-1,Grammar 1,multiple / mapped,141.png | 142.png,grade3-source/original/141.webp | grade3-source/original/142.webp,full_page_capture; section heading or content area,mapping_only,ocr_extracted_needs_review,blocked_needs_visual_review
3,9,book-grammar-practice-1,Grammar Practice 1,multiple / mapped,141.png,grade3-source/original/141.webp,full_page_capture; section heading or content area,mapping_only,ocr_extracted_needs_review,blocked_needs_visual_review
3,9,book-listening,Listening,multiple / mapped,141.png | 142.png,grade3-source/original/141.webp | grade3-source/original/142.webp,full_page_capture; section heading or content area,mapping_only,ocr_extracted_needs_review,blocked_needs_visual_review
3,9,book-vocabulary-2,Vocabulary 2,multiple / mapped,141.png | 142.png | 143.png,grade3-source/original/141.webp | grade3-source/original/142.webp | grade3-source/original/143.webp,full_page_capture; section heading or content area,interactive_bookExercise,verified_from_image,active
3,9,book-reading-2,Reading 2,multiple / mapped,141.png | 142.png | 143.png | 144.png | 145.png,grade3-source/original/141.webp | grade3-source/original/142.webp | grade3-source/original/143.webp | grade3-source/original/144.webp | grade3-source/original/145.webp,full_page_capture; section heading or content area,mapping_only,ocr_extracted_needs_review,blocked_needs_visual_review
3,9,book-pronunciation,Pronunciation,multiple / mapped,143.png,grade3-source/original/143.webp,full_page_capture; section heading or content area,mapping_only,ocr_extracted_needs_review,blocked_needs_visual_review
3,9,book-grammar-2,Grammar 2,multiple / mapped,145.png | 146.png | 147.png,grade3-source/original/145.webp | grade3-source/original/146.webp | grade3-source/original/147.webp,full_page_capture; section heading or content area,mapping_only,ocr_extracted_needs_review,blocked_needs_visual_review
3,9,book-grammar-practice-2,Grammar Practice 2,multiple / mapped,146.png,grade3-source/original/146.webp,full_page_capture; section heading or content area,mapping_only,ocr_extracted_needs_review,blocked_needs_visual_review
3,9,book-writing,Writing,multiple / mapped,147.png | 148.png,grade3-source/original/147.webp | grade3-source/original/148.webp,full_page_capture; section heading or content area,mapping_only,ocr_extracted_needs_review,blocked_needs_visual_review
3,9,book-project,Project,multiple / mapped,147.png | 148.png,grade3-source/original/147.webp | grade3-source/original/148.webp,full_page_capture; section heading or content area,mapping_only,ocr_extracted_needs_review,blocked_needs_visual_review
3,9,book-review-unit-check,Review/Unit Check,multiple / mapped,147.png | 148.png,grade3-source/original/147.webp | grade3-source/original/148.webp,full_page_capture; section heading or content area,mapping_only,ocr_extracted_needs_review,blocked_needs_visual_review
3,9,book-writing-skill,Writing Skill,multiple / mapped,148.png,grade3-source/original/148.webp,full_page_capture; section heading or content area,mapping_only,ocr_extracted_needs_review,blocked_needs_visual_review
3,9,sourcebook,Khác,multiple / mapped,135.png | 136.png | 137.png | 138.png | 139.png | 140.png | 141.png | 142.png | 143.png | 144.png | 145.png | 146.png | 147.png | 148.png,grade3-source/original/135.webp | grade3-source/original/136.webp | grade3-source/original/137.webp | grade3-source/original/138.webp | grade3-source/original/139.webp | grade3-source/original/140.webp | grade3-source/original/141.webp | grade3-source/original/142.webp | grade3-source/original/143.webp | grade3-source/original/144.webp | grade3-source/original/145.webp | grade3-source/original/146.webp | grade3-source/original/147.webp | grade3-source/original/148.webp,full_page_capture,mapping_only,verified_from_image,mapped_not_yet_interactive
3,10,book-big-question,Big Question,multiple / mapped,149.png,grade3-source/original/149.webp,full_page_capture; section heading or content area,mapping_only,verified_from_image,mapped_not_yet_interactive
3,10,book-clil-content,CLIL/Content,multiple / mapped,149.png | 154.png | 163.png,grade3-source/original/149.webp | grade3-source/original/154.webp | grade3-source/original/163.webp,full_page_capture; section heading or content area,mapping_only,ocr_extracted_needs_review,blocked_needs_visual_review
3,10,book-vocabulary-1,Vocabulary 1,multiple / mapped,150.png | 151.png,grade3-source/original/150.webp | grade3-source/original/151.webp,full_page_capture; section heading or content area,interactive_bookExercise,verified_from_image,active
3,10,book-reading-1,Reading 1,multiple / mapped,151.png | 152.png | 153.png | 154.png,grade3-source/original/151.webp | grade3-source/original/152.webp | grade3-source/original/153.webp | grade3-source/original/154.webp,full_page_capture; section heading or content area,mapping_only,ocr_extracted_needs_review,blocked_needs_visual_review
3,10,book-vocabulary-in-reading,Vocabulary in Reading,multiple / mapped,151.png | 152.png | 153.png | 154.png | 156.png | 157.png | 158.png | 159.png,grade3-source/original/151.webp | grade3-source/original/152.webp | grade3-source/original/153.webp | grade3-source/original/154.webp | grade3-source/original/156.webp | grade3-source/original/157.webp | grade3-source/original/158.webp | grade3-source/original/159.webp,full_page_capture; section heading or content area,mapping_only,ocr_extracted_needs_review,blocked_needs_visual_review
3,10,book-reading-skill,Reading Skill,multiple / mapped,153.png | 159.png,grade3-source/original/153.webp | grade3-source/original/159.webp,full_page_capture; section heading or content area,mapping_only,ocr_extracted_needs_review,blocked_needs_visual_review
3,10,book-listening,Listening,multiple / mapped,154.png | 155.png,grade3-source/original/154.webp | grade3-source/original/155.webp,full_page_capture; section heading or content area,mapping_only,ocr_extracted_needs_review,blocked_needs_visual_review
3,10,book-grammar-1,Grammar 1,multiple / mapped,155.png | 156.png,grade3-source/original/155.webp | grade3-source/original/156.webp,full_page_capture; section heading or content area,mapping_only,ocr_extracted_needs_review,blocked_needs_visual_review
3,10,book-grammar-practice-1,Grammar Practice 1,multiple / mapped,155.png,grade3-source/original/155.webp,full_page_capture; section heading or content area,mapping_only,ocr_extracted_needs_review,blocked_needs_visual_review
3,10,book-speaking-communication,Speaking/Communication,multiple / mapped,155.png | 160.png | 161.png | 162.png,grade3-source/original/155.webp | grade3-source/original/160.webp | grade3-source/original/161.webp | grade3-source/original/162.webp,full_page_capture; section heading or content area,mapping_only,ocr_extracted_needs_review,blocked_needs_visual_review
3,10,book-vocabulary-2,Vocabulary 2,multiple / mapped,155.png | 156.png | 157.png,grade3-source/original/155.webp | grade3-source/original/156.webp | grade3-source/original/157.webp,full_page_capture; section heading or content area,interactive_bookExercise,verified_from_image,active
3,10,book-reading-2,Reading 2,multiple / mapped,156.png | 157.png | 158.png | 159.png,grade3-source/original/156.webp | grade3-source/original/157.webp | grade3-source/original/158.webp | grade3-source/original/159.webp,full_page_capture; section heading or content area,mapping_only,ocr_extracted_needs_review,blocked_needs_visual_review
3,10,book-pronunciation,Pronunciation,multiple / mapped,157.png,grade3-source/original/157.webp,full_page_capture; section heading or content area,mapping_only,ocr_extracted_needs_review,blocked_needs_visual_review
3,10,book-grammar-2,Grammar 2,multiple / mapped,159.png | 160.png | 161.png,grade3-source/original/159.webp | grade3-source/original/160.webp | grade3-source/original/161.webp,full_page_capture; section heading or content area,mapping_only,ocr_extracted_needs_review,blocked_needs_visual_review
3,10,book-grammar-practice-2,Grammar Practice 2,multiple / mapped,160.png,grade3-source/original/160.webp,full_page_capture; section heading or content area,mapping_only,ocr_extracted_needs_review,blocked_needs_visual_review
3,10,book-writing,Writing,multiple / mapped,161.png | 162.png,grade3-source/original/161.webp | grade3-source/original/162.webp,full_page_capture; section heading or content area,mapping_only,ocr_extracted_needs_review,blocked_needs_visual_review
3,10,book-writing-skill,Writing Skill,multiple / mapped,162.png,grade3-source/original/162.webp,full_page_capture; section heading or content area,mapping_only,ocr_extracted_needs_review,blocked_needs_visual_review
3,10,book-project,Project,multiple / mapped,162.png,grade3-source/original/162.webp,full_page_capture; section heading or content area,mapping_only,ocr_extracted_needs_review,blocked_needs_visual_review
3,10,book-review-unit-check,Review/Unit Check,multiple / mapped,162.png,grade3-source/original/162.webp,full_page_capture; section heading or content area,mapping_only,ocr_extracted_needs_review,blocked_needs_visual_review
3,10,sourcebook,Khác,multiple / mapped,149.png | 150.png | 151.png | 152.png | 153.png | 154.png | 155.png | 156.png | 157.png | 158.png | 159.png | 160.png | 161.png | 162.png | 163.png,grade3-source/original/149.webp | grade3-source/original/150.webp | grade3-source/original/151.webp | grade3-source/original/152.webp | grade3-source/original/153.webp | grade3-source/original/154.webp | grade3-source/original/155.webp | grade3-source/original/156.webp | grade3-source/original/157.webp | grade3-source/original/158.webp | grade3-source/original/159.webp | grade3-source/original/160.webp | grade3-source/original/161.webp | grade3-source/original/162.webp | grade3-source/original/163.webp,full_page_capture,mapping_only,verified_from_image,mapped_not_yet_interactive
3,11,book-big-question,Big Question,multiple / mapped,164.png,grade3-source/original/164.webp,full_page_capture; section heading or content area,mapping_only,verified_from_image,mapped_not_yet_interactive
3,11,book-vocabulary-1,Vocabulary 1,multiple / mapped,164.png | 165.png | 166.png,grade3-source/original/164.webp | grade3-source/original/165.webp | grade3-source/original/166.webp,full_page_capture; section heading or content area,interactive_bookExercise,verified_from_image,active
3,11,book-clil-content,CLIL/Content,multiple / mapped,164.png | 169.png,grade3-source/original/164.webp | grade3-source/original/169.webp,full_page_capture; section heading or content area,mapping_only,ocr_extracted_needs_review,blocked_needs_visual_review
3,11,book-reading-1,Reading 1,multiple / mapped,166.png | 167.png | 168.png | 169.png,grade3-source/original/166.webp | grade3-source/original/167.webp | grade3-source/original/168.webp | grade3-source/original/169.webp,full_page_capture; section heading or content area,mapping_only,ocr_extracted_needs_review,blocked_needs_visual_review
3,11,book-vocabulary-in-reading,Vocabulary in Reading,multiple / mapped,166.png | 167.png | 168.png | 169.png | 170.png | 172.png | 173.png | 174.png,grade3-source/original/166.webp | grade3-source/original/167.webp | grade3-source/original/168.webp | grade3-source/original/169.webp | grade3-source/original/170.webp | grade3-source/original/172.webp | grade3-source/original/173.webp | grade3-source/original/174.webp,full_page_capture; section heading or content area,mapping_only,ocr_extracted_needs_review,blocked_needs_visual_review
3,11,book-reading-skill,Reading Skill,multiple / mapped,168.png | 174.png,grade3-source/original/168.webp | grade3-source/original/174.webp,full_page_capture; section heading or content area,mapping_only,ocr_extracted_needs_review,blocked_needs_visual_review
3,11,book-listening,Listening,multiple / mapped,169.png | 170.png,grade3-source/original/169.webp | grade3-source/original/170.webp,full_page_capture; section heading or content area,mapping_only,ocr_extracted_needs_review,blocked_needs_visual_review
3,11,book-speaking-communication,Speaking/Communication,multiple / mapped,169.png | 170.png | 175.png,grade3-source/original/169.webp | grade3-source/original/170.webp | grade3-source/original/175.webp,full_page_capture; section heading or content area,mapping_only,ocr_extracted_needs_review,blocked_needs_visual_review
3,11,book-grammar-1,Grammar 1,multiple / mapped,170.png | 171.png,grade3-source/original/170.webp | grade3-source/original/171.webp,full_page_capture; section heading or content area,mapping_only,ocr_extracted_needs_review,blocked_needs_visual_review
3,11,book-grammar-practice-1,Grammar Practice 1,multiple / mapped,170.png,grade3-source/original/170.webp,full_page_capture; section heading or content area,mapping_only,ocr_extracted_needs_review,blocked_needs_visual_review
3,11,book-vocabulary-2,Vocabulary 2,multiple / mapped,170.png | 171.png | 172.png,grade3-source/original/170.webp | grade3-source/original/171.webp | grade3-source/original/172.webp,full_page_capture; section heading or content area,interactive_bookExercise,verified_from_image,active
3,11,book-reading-2,Reading 2,multiple / mapped,170.png | 172.png | 173.png | 174.png,grade3-source/original/170.webp | grade3-source/original/172.webp | grade3-source/original/173.webp | grade3-source/original/174.webp,full_page_capture; section heading or content area,mapping_only,ocr_extracted_needs_review,blocked_needs_visual_review
3,11,book-pronunciation,Pronunciation,multiple / mapped,172.png,grade3-source/original/172.webp,full_page_capture; section heading or content area,mapping_only,ocr_extracted_needs_review,blocked_needs_visual_review
3,11,book-grammar-2,Grammar 2,multiple / mapped,174.png | 175.png | 176.png,grade3-source/original/174.webp | grade3-source/original/175.webp | grade3-source/original/176.webp,full_page_capture; section heading or content area,mapping_only,ocr_extracted_needs_review,blocked_needs_visual_review
3,11,book-grammar-practice-2,Grammar Practice 2,multiple / mapped,175.png,grade3-source/original/175.webp,full_page_capture; section heading or content area,mapping_only,ocr_extracted_needs_review,blocked_needs_visual_review
3,11,book-writing,Writing,multiple / mapped,176.png | 177.png,grade3-source/original/176.webp | grade3-source/original/177.webp,full_page_capture; section heading or content area,mapping_only,ocr_extracted_needs_review,blocked_needs_visual_review
3,11,book-project,Project,multiple / mapped,176.png | 177.png,grade3-source/original/176.webp | grade3-source/original/177.webp,full_page_capture; section heading or content area,mapping_only,ocr_extracted_needs_review,blocked_needs_visual_review
3,11,book-review-unit-check,Review/Unit Check,multiple / mapped,176.png | 177.png,grade3-source/original/176.webp | grade3-source/original/177.webp,full_page_capture; section heading or content area,mapping_only,ocr_extracted_needs_review,blocked_needs_visual_review
3,11,book-writing-skill,Writing Skill,multiple / mapped,177.png,grade3-source/original/177.webp,full_page_capture; section heading or content area,mapping_only,ocr_extracted_needs_review,blocked_needs_visual_review
3,11,sourcebook,Khác,multiple / mapped,164.png | 165.png | 166.png | 167.png | 168.png | 169.png | 170.png | 171.png | 172.png | 173.png | 174.png | 175.png | 176.png | 177.png,grade3-source/original/164.webp | grade3-source/original/165.webp | grade3-source/original/166.webp | grade3-source/original/167.webp | grade3-source/original/168.webp | grade3-source/original/169.webp | grade3-source/original/170.webp | grade3-source/original/171.webp | grade3-source/original/172.webp | grade3-source/original/173.webp | grade3-source/original/174.webp | grade3-source/original/175.webp | grade3-source/original/176.webp | grade3-source/original/177.webp,full_page_capture,mapping_only,verified_from_image,mapped_not_yet_interactive
3,12,book-big-question,Big Question,multiple / mapped,178.png,grade3-source/original/178.webp,full_page_capture; section heading or content area,mapping_only,verified_from_image,mapped_not_yet_interactive
3,12,book-clil-content,CLIL/Content,multiple / mapped,178.png | 183.png,grade3-source/original/178.webp | grade3-source/original/183.webp,full_page_capture; section heading or content area,mapping_only,ocr_extracted_needs_review,blocked_needs_visual_review
3,12,book-vocabulary-1,Vocabulary 1,multiple / mapped,179.png | 180.png,grade3-source/original/179.webp | grade3-source/original/180.webp,full_page_capture; section heading or content area,interactive_bookExercise,verified_from_image,active
3,12,book-reading-1,Reading 1,multiple / mapped,180.png | 181.png | 182.png | 183.png,grade3-source/original/180.webp | grade3-source/original/181.webp | grade3-source/original/182.webp | grade3-source/original/183.webp,full_page_capture; section heading or content area,interactive_bookExercise,ocr_extracted_needs_review,active
3,12,book-vocabulary-in-reading,Vocabulary in Reading,multiple / mapped,180.png | 181.png | 182.png | 183.png | 184.png | 185.png | 186.png | 187.png | 188.png,grade3-source/original/180.webp | grade3-source/original/181.webp | grade3-source/original/182.webp | grade3-source/original/183.webp | grade3-source/original/184.webp | grade3-source/original/185.webp | grade3-source/original/186.webp | grade3-source/original/187.webp | grade3-source/original/188.webp,full_page_capture; section heading or content area,mapping_only,ocr_extracted_needs_review,blocked_needs_visual_review
3,12,book-reading-skill,Reading Skill,multiple / mapped,182.png | 188.png,grade3-source/original/182.webp | grade3-source/original/188.webp,full_page_capture; section heading or content area,mapping_only,ocr_extracted_needs_review,blocked_needs_visual_review
3,12,book-grammar-1,Grammar 1,multiple / mapped,184.png | 185.png,grade3-source/original/184.webp | grade3-source/original/185.webp,full_page_capture; section heading or content area,interactive_bookExercise,ocr_extracted_needs_review,active
3,12,book-grammar-practice-1,Grammar Practice 1,multiple / mapped,184.png,grade3-source/original/184.webp,full_page_capture; section heading or content area,mapping_only,ocr_extracted_needs_review,blocked_needs_visual_review
3,12,book-listening,Listening,multiple / mapped,184.png | 185.png,grade3-source/original/184.webp | grade3-source/original/185.webp,full_page_capture; section heading or content area,mapping_only,ocr_extracted_needs_review,blocked_needs_visual_review
3,12,book-speaking-communication,Speaking/Communication,multiple / mapped,184.png | 189.png,grade3-source/original/184.webp | grade3-source/original/189.webp,full_page_capture; section heading or content area,interactive_bookExercise,ocr_extracted_needs_review,active
3,12,book-reading-2,Reading 2,multiple / mapped,184.png | 185.png | 186.png | 187.png | 188.png,grade3-source/original/184.webp | grade3-source/original/185.webp | grade3-source/original/186.webp | grade3-source/original/187.webp | grade3-source/original/188.webp,full_page_capture; section heading or content area,mapping_only,ocr_extracted_needs_review,blocked_needs_visual_review
3,12,book-vocabulary-2,Vocabulary 2,multiple / mapped,185.png | 186.png,grade3-source/original/185.webp | grade3-source/original/186.webp,full_page_capture; section heading or content area,interactive_bookExercise,verified_from_image,active
3,12,book-pronunciation,Pronunciation,multiple / mapped,186.png,grade3-source/original/186.webp,full_page_capture; section heading or content area,mapping_only,ocr_extracted_needs_review,blocked_needs_visual_review
3,12,book-grammar-2,Grammar 2,multiple / mapped,188.png | 189.png | 190.png,grade3-source/original/188.webp | grade3-source/original/189.webp | grade3-source/original/190.webp,full_page_capture; section heading or content area,mapping_only,ocr_extracted_needs_review,blocked_needs_visual_review
3,12,book-grammar-practice-2,Grammar Practice 2,multiple / mapped,189.png,grade3-source/original/189.webp,full_page_capture; section heading or content area,mapping_only,ocr_extracted_needs_review,blocked_needs_visual_review
3,12,book-writing,Writing,multiple / mapped,190.png,grade3-source/original/190.webp,full_page_capture; section heading or content area,interactive_bookExercise,ocr_extracted_needs_review,active
3,12,book-project,Project,multiple / mapped,190.png,grade3-source/original/190.webp,full_page_capture; section heading or content area,mapping_only,ocr_extracted_needs_review,blocked_needs_visual_review
3,12,book-review-unit-check,Review/Unit Check,multiple / mapped,190.png,grade3-source/original/190.webp,full_page_capture; section heading or content area,mapping_only,ocr_extracted_needs_review,blocked_needs_visual_review
3,12,sourcebook,Khác,multiple / mapped,178.png | 179.png | 180.png | 181.png | 182.png | 183.png | 184.png | 185.png | 186.png | 187.png | 188.png | 189.png | 190.png,grade3-source/original/178.webp | grade3-source/original/179.webp | grade3-source/original/180.webp | grade3-source/original/181.webp | grade3-source/original/182.webp | grade3-source/original/183.webp | grade3-source/original/184.webp | grade3-source/original/185.webp | grade3-source/original/186.webp | grade3-source/original/187.webp | grade3-source/original/188.webp | grade3-source/original/189.webp | grade3-source/original/190.webp,full_page_capture,mapping_only,verified_from_image,mapped_not_yet_interactive
